x,y,z,yaw,xk,yk,zk,vxk,vyk,vzk,yawk,vyawk,pitch,roll,yaw,thrust,xd,yd,zd
-0.0849,0.0071,0.031,0.0453785605519,[[-0.0848152]],[[ 0.00709291]],[[ 0.0309969]],[[-0.00084798]],[[  7.09149021e-05]],[[ 0.00030994]],[[ 0.]],[[ 0.]],[[ 0.85663184]],[[ 0.07163823]],[[-0.]],80,[[ 0.0848152]],[[-0.00709291]],[[ 0.3690031]]
-0.0849,0.0071,0.031,0.0453785605519,[[-0.0848653]],[[ 0.0070971]],[[ 0.031]],[[-0.00119533]],[[  9.99625811e-05]],[[ 0.00030994]],[[ 0.]],[[ 0.]],[[ 0.86060624]],[[ 0.0719706]],[[-0.]],80,[[ 0.0848653]],[[-0.0070971]],[[ 0.369]]
-0.0849,0.0071,0.031,0.0453785605519,[[-0.08488758]],[[ 0.00709896]],[[ 0.03100103]],[[-0.00137038]],[[ 0.0001146]],[[ 0.00020696]],[[ 0.]],[[ 0.]],[[ 0.86257961]],[[ 0.07213563]],[[-0.]],80,[[ 0.08488758]],[[-0.00709896]],[[ 0.36899897]]
-0.0846,0.005,0.0313,0.0495673507566,[[-0.08476807]],[[ 0.00617157]],[[ 0.03118913]],[[ 0.00134469]],[[-0.01881088]],[[ 0.00761193]],[[ 0.]],[[ 0.]],[[ 0.83423382]],[[-0.12639308]],[[-0.]],80,[[ 0.08476807]],[[-0.00617157]],[[ 0.36881087]]
-0.0846,0.005,0.0313,0.0495673507566,[[-0.08468627]],[[ 0.00554868]],[[ 0.03128492]],[[ 0.0027263]],[[-0.02759811]],[[ 0.00824312]],[[ 0.]],[[ 0.]],[[ 0.81959972]],[[-0.22049431]],[[-0.]],80,[[ 0.08468627]],[[-0.00554868]],[[ 0.36871508]]
-0.0846,0.005,0.0313,0.0495673507566,[[-0.08463321]],[[ 0.0051535]],[[ 0.03133314]],[[ 0.00320815]],[[-0.02982508]],[[ 0.00733226]],[[ 0.]],[[ 0.]],[[ 0.81425059]],[[-0.24671573]],[[-0.]],80,[[ 0.08463321]],[[-0.0051535]],[[ 0.36866686]]
-0.0846,0.005,0.0313,0.0495673507566,[[-0.08460065]],[[ 0.00491702]],[[ 0.03135771]],[[ 0.0032163]],[[-0.02878327]],[[ 0.00622759]],[[ 0.]],[[ 0.]],[[ 0.81384344]],[[-0.23866252]],[[-0.]],80,[[ 0.08460065]],[[-0.00491702]],[[ 0.36864229]]
-0.0846,0.005,0.0313,0.0495673507566,[[-0.08458152]],[[ 0.00478258]],[[ 0.03137009]],[[ 0.00301893]],[[-0.02646077]],[[ 0.00524504]],[[ 0.]],[[ 0.]],[[ 0.81562595]],[[-0.21678196]],[[-0.]],80,[[ 0.08458152]],[[-0.00478258]],[[ 0.36862991]]
-0.0846,0.005,0.0313,0.0495673507566,[[-0.08457081]],[[ 0.00471085]],[[ 0.03137589]],[[ 0.00275389]],[[-0.02383566]],[[ 0.00443356]],[[ 0.]],[[ 0.]],[[ 0.81816917]],[[-0.19124807]],[[-0.]],80,[[ 0.08457081]],[[-0.00471085]],[[ 0.36862411]]
-0.0846,0.005,0.0313,0.0495673507566,[[-0.08456524]],[[ 0.00467683]],[[ 0.03137801]],[[ 0.00248393]],[[-0.02132553]],[[ 0.00377611]],[[ 0.]],[[ 0.]],[[ 0.82081313]],[[-0.166487]],[[-0.]],80,[[ 0.08456524]],[[-0.00467683]],[[ 0.36862199]]
-0.0847,0.0054,0.0312,0.00994837673637,[[-0.08460038]],[[ 0.00481548]],[[ 0.0313454]],[[ 0.00181545]],[[-0.01740325]],[[ 0.00278411]],[[ 0.]],[[ 0.]],[[ 0.82784927]],[[-0.12587765]],[[-0.]],80,[[ 0.08460038]],[[-0.00481548]],[[ 0.3686546]]
-0.0847,0.0054,0.0312,0.00994837673637,[[-0.08462528]],[[ 0.00491877]],[[ 0.03132042]],[[ 0.00137766]],[[-0.01458354]],[[ 0.00210395]],[[ 0.]],[[ 0.]],[[ 0.83247624]],[[-0.09664773]],[[-0.]],80,[[ 0.08462528]],[[-0.00491877]],[[ 0.36867958]]
-0.0847,0.0054,0.0312,0.00994837673637,[[-0.08464307]],[[ 0.00499661]],[[ 0.03130091]],[[ 0.00108332]],[[-0.01249786]],[[ 0.00162308]],[[ 0.]],[[ 0.]],[[ 0.8355975]],[[-0.07501255]],[[-0.]],80,[[ 0.08464307]],[[-0.00499661]],[[ 0.36869909]]
-0.0847,0.0054,0.0312,0.00994837673637,[[-0.08465589]],[[ 0.00505601]],[[ 0.03128541]],[[ 0.00088007]],[[-0.010913]],[[ 0.00127404]],[[ 0.]],[[ 0.]],[[ 0.83775816]],[[-0.05856982]],[[-0.]],80,[[ 0.08465589]],[[-0.00505601]],[[ 0.36871459]]
-0.0847,0.0054,0.0312,0.00994837673637,[[-0.0846652]],[[ 0.00510197]],[[ 0.03127291]],[[ 0.00073589]],[[-0.00967838]],[[ 0.00101485]],[[ 0.]],[[ 0.]],[[ 0.83929307]],[[-0.04576401]],[[-0.]],80,[[ 0.0846652]],[[-0.00510197]],[[ 0.36872709]]
-0.0852,0.0069,0.031,0.00994837673637,[[-0.08484025]],[[ 0.00564272]],[[ 0.03121364]],[[-0.00061499]],[[-0.00495717]],[[ 0.00034566]],[[ 0.]],[[ 0.]],[[ 0.85455245]],[[ 0.00685549]],[[-0.]],80,[[ 0.08484025]],[[-0.00564272]],[[ 0.36878636]]
-0.0852,0.0069,0.031,0.00994837673637,[[-0.08496359]],[[ 0.00602624]],[[ 0.03116613]],[[-0.00142555]],[[-0.00196145]],[[-0.00011811]],[[ 0.]],[[ 0.]],[[ 0.86389133]],[[ 0.04064794]],[[-0.]],80,[[ 0.08496359]],[[-0.00602624]],[[ 0.36883387]]
-0.0852,0.0069,0.031,0.00994837673637,[[-0.08505048]],[[ 0.00629874]],[[ 0.03112774]],[[-0.00189664]],[[ -6.70326836e-05]],[[-0.00043926]],[[ 0.]],[[ 0.]],[[ 0.8694712]],[[ 0.06231706]],[[-0.]],80,[[ 0.08505048]],[[-0.00629874]],[[ 0.36887226]]
-0.0852,0.0069,0.031,0.00994837673637,[[-0.08511163]],[[ 0.00649255]],[[ 0.03109653]],[[-0.00215399]],[[ 0.00111956]],[[-0.0006599]],[[ 0.]],[[ 0.]],[[ 0.87265623]],[[ 0.07612105]],[[-0.]],80,[[ 0.08511163]],[[-0.00649255]],[[ 0.36890347]]
-0.0852,0.0069,0.031,0.00994837673637,[[-0.08515453]],[[ 0.00663041]],[[ 0.03107102]],[[-0.00227702]],[[ 0.00184898]],[[-0.0008088]],[[ 0.]],[[ 0.]],[[ 0.87431548]],[[ 0.08479393]],[[-0.]],80,[[ 0.08515453]],[[-0.00663041]],[[ 0.36892898]]
-0.0852,0.0069,0.031,0.00994837673637,[[-0.08518449]],[[ 0.00672841]],[[ 0.03105009]],[[-0.00231619]],[[ 0.00228234]],[[-0.00090593]],[[ 0.]],[[ 0.]],[[ 0.87500678]],[[ 0.09010742]],[[-0.]],80,[[ 0.08518449]],[[-0.00672841]],[[ 0.36894991]]
-0.0852,0.0069,0.031,0.00994837673637,[[-0.08520525]],[[ 0.00679793]],[[ 0.03103289]],[[-0.00230376]],[[ 0.00252394]],[[-0.00096536]],[[ 0.]],[[ 0.]],[[ 0.87509013]],[[ 0.09321868]],[[-0.]],80,[[ 0.08520525]],[[-0.00679793]],[[ 0.36896711]]
-0.0852,0.0069,0.031,0.00994837673637,[[-0.08521948]],[[ 0.0068471]],[[ 0.03101874]],[[-0.0022604]],[[ 0.00264173]],[[-0.00099714]],[[ 0.]],[[ 0.]],[[ 0.87479871]],[[ 0.09488833]],[[-0.]],80,[[ 0.08521948]],[[-0.0068471]],[[ 0.36898126]]
-0.0852,0.0069,0.031,0.00994837673637,[[-0.08522906]],[[ 0.00688171]],[[ 0.03100711]],[[-0.0021993]],[[ 0.00268017]],[[-0.00100853]],[[ 0.]],[[ 0.]],[[ 0.87428368]],[[ 0.09561885]],[[-0.]],80,[[ 0.08522906]],[[-0.00688171]],[[ 0.36899289]]
-0.0853,0.0058,0.0325,0.0141371669412,[[-0.0852661]],[[ 0.00656781]],[[ 0.03127534]],[[-0.00226677]],[[ 0.00115208]],[[ 0.00085532]],[[ 0.]],[[ 0.]],[[ 0.87532873]],[[ 0.07719891]],[[-0.]],80,[[ 0.0852661]],[[-0.00656781]],[[ 0.36872466]]
-0.0853,0.0058,0.0325,0.0141371669412,[[-0.0852922]],[[ 0.00634119]],[[ 0.03150493]],[[-0.00228151]],[[ 0.00012948]],[[ 0.00230256]],[[ 0.]],[[ 0.]],[[ 0.87573712]],[[ 0.06470663]],[[-0.]],80,[[ 0.0852922]],[[-0.00634119]],[[ 0.36849507]]
-0.0853,0.0058,0.0325,0.0141371669412,[[-0.08531045]],[[ 0.00617759]],[[ 0.03170168]],[[-0.00226272]],[[-0.00054964]],[[ 0.00341787]],[[ 0.]],[[ 0.]],[[ 0.87573167]],[[ 0.05627955]],[[-0.]],80,[[ 0.08531045]],[[-0.00617759]],[[ 0.36829832]]
-0.0853,0.0058,0.0325,0.0141371669412,[[-0.08532307]],[[ 0.00605955]],[[ 0.0318704]],[[-0.00222313]],[[-0.00099498]],[[ 0.00426678]],[[ 0.]],[[ 0.]],[[ 0.875462]],[[ 0.05064571]],[[-0.]],80,[[ 0.08532307]],[[-0.00605955]],[[ 0.3681296]]
-0.0853,0.0058,0.0325,0.0141371669412,[[-0.08533166]],[[ 0.00597444]],[[ 0.03201503]],[[-0.00217119]],[[-0.00128113]],[[ 0.00490061]],[[ 0.]],[[ 0.]],[[ 0.87502851]],[[ 0.04693316]],[[-0.]],80,[[ 0.08533166]],[[-0.00597444]],[[ 0.36798497]]
-0.085,0.007,0.0323,0.00244346095279,[[-0.08524741]],[[ 0.006273]],[[ 0.03210454]],[[-0.00178245]],[[-0.00013883]],[[ 0.00514919]],[[ 0.]],[[ 0.]],[[ 0.87029857]],[[ 0.06134167]],[[-0.]],80,[[ 0.08524741]],[[-0.006273]],[[ 0.36789546]]
-0.085,0.007,0.0323,0.00244346095279,[[-0.08518601]],[[ 0.00648918]],[[ 0.03218049]],[[-0.001502]],[[ 0.00063133]],[[ 0.00529762]],[[ 0.]],[[ 0.]],[[ 0.86688006]],[[ 0.07120519]],[[-0.]],80,[[ 0.08518601]],[[-0.00648918]],[[ 0.36781951]]
-0.085,0.007,0.0323,0.00244346095279,[[-0.08514119]],[[ 0.00664566]],[[ 0.03224466]],[[-0.00129739]],[[ 0.00114482]],[[ 0.00536495]],[[ 0.]],[[ 0.]],[[ 0.86438583]],[[ 0.07790481]],[[-0.]],80,[[ 0.08514119]],[[-0.00664566]],[[ 0.36775534]]
-0.085,0.007,0.0323,0.00244346095279,[[-0.08510843]],[[ 0.00675883]],[[ 0.03229859]],[[-0.00114613]],[[ 0.00148125]],[[ 0.00536663]],[[ 0.]],[[ 0.]],[[ 0.86254564]],[[ 0.08240074]],[[-0.]],80,[[ 0.08510843]],[[-0.00675883]],[[ 0.36770141]]
-0.085,0.007,0.0323,0.00244346095279,[[-0.08508444]],[[ 0.00684058]],[[ 0.0323436]],[[-0.00103259]],[[ 0.00169562]],[[ 0.00531531]],[[ 0.]],[[ 0.]],[[ 0.86117025]],[[ 0.08536198]],[[-0.]],80,[[ 0.08508444]],[[-0.00684058]],[[ 0.3676564]]
-0.0852,0.0101,0.0349,0.00244346095279,[[-0.0851258]],[[ 0.00781364]],[[ 0.03280902]],[[-0.0011289]],[[ 0.00466317]],[[ 0.00774507]],[[ 0.]],[[ 0.]],[[ 0.86254695]],[[ 0.12476809]],[[-0.]],80,[[ 0.0851258]],[[-0.00781364]],[[ 0.36719098]]
-0.0852,0.0101,0.0349,0.00244346095279,[[-0.08515559]],[[ 0.0085189]],[[ 0.0332163]],[[-0.00118461]],[[ 0.00664641]],[[ 0.00968008]],[[ 0.]],[[ 0.]],[[ 0.86340196]],[[ 0.15165318]],[[-0.]],80,[[ 0.08515559]],[[-0.0085189]],[[ 0.3667837]]
-0.0852,0.0101,0.0349,0.00244346095279,[[-0.08517698]],[[ 0.00902963]],[[ 0.03357183]],[[-0.00121254]],[[ 0.00794543]],[[ 0.01119231]],[[ 0.]],[[ 0.]],[[ 0.86389527]],[[ 0.1697506]],[[-0.]],80,[[ 0.08517698]],[[-0.00902963]],[[ 0.36642817]]
-0.0852,0.0101,0.0349,0.00244346095279,[[-0.0851923]],[[ 0.00939904]],[[ 0.03388125]],[[-0.0012216]],[[ 0.00876938]],[[ 0.01234316]],[[ 0.]],[[ 0.]],[[ 0.86413894]],[[ 0.18168419]],[[-0.]],80,[[ 0.0851923]],[[-0.00939904]],[[ 0.36611875]]
-0.0852,0.0101,0.0349,0.00244346095279,[[-0.0852032]],[[ 0.00966577]],[[ 0.03414957]],[[-0.00121796]],[[ 0.00926425]],[[ 0.01318534]],[[ 0.]],[[ 0.]],[[ 0.86421151]],[[ 0.18930024]],[[-0.]],80,[[ 0.0852032]],[[-0.00966577]],[[ 0.36585043]]
-0.0852,0.0101,0.0349,0.0380481776935,[[-0.0852109]],[[ 0.00985793]],[[ 0.03438123]],[[-0.00120591]],[[ 0.00953198]],[[ 0.01376435]],[[ 0.]],[[ 0.]],[[ 0.86416801]],[[ 0.19389908]],[[-0.]],80,[[ 0.0852109]],[[-0.00985793]],[[ 0.36561877]]
-0.0852,0.0101,0.0349,0.0380481776935,[[-0.08521628]],[[ 0.00999591]],[[ 0.03458021]],[[-0.00118842]],[[ 0.0096438]],[[ 0.01411966]],[[ 0.]],[[ 0.]],[[ 0.86404696]],[[ 0.19639713]],[[-0.]],80,[[ 0.08521628]],[[-0.00999591]],[[ 0.36541979]]
-0.0852,0.0101,0.0349,0.0380481776935,[[-0.08521999]],[[ 0.01009457]],[[ 0.03475009]],[[-0.00116754]],[[ 0.00964947]],[[ 0.01428559]],[[ 0.]],[[ 0.]],[[ 0.86387528]],[[ 0.19744042]],[[-0.]],80,[[ 0.08521999]],[[-0.01009457]],[[ 0.36524991]]
-0.0852,0.0101,0.0349,0.0380481776935,[[-0.0852225]],[[ 0.01016469]],[[ 0.03489408]],[[-0.00114468]],[[ 0.00958375]],[[ 0.01429212]],[[ 0.]],[[ 0.]],[[ 0.86367175]],[[ 0.19748433]],[[-0.]],80,[[ 0.0852225]],[[-0.01016469]],[[ 0.36510592]]
-0.0852,0.0101,0.0349,0.0380481776935,[[-0.08522413]],[[ 0.01021411]],[[ 0.03501507]],[[-0.00112081]],[[ 0.00947086]],[[ 0.01416546]],[[ 0.]],[[ 0.]],[[ 0.86344938]],[[ 0.19684968]],[[-0.]],80,[[ 0.08522413]],[[-0.01021411]],[[ 0.36498493]]
-0.0852,0.0101,0.0349,0.0380481776935,[[-0.08522514]],[[ 0.01024854]],[[ 0.03511568]],[[-0.00109658]],[[ 0.00932768]],[[ 0.01392853]],[[ 0.]],[[ 0.]],[[ 0.86321717]],[[ 0.1957622]],[[-0.]],80,[[ 0.08522514]],[[-0.01024854]],[[ 0.36488432]]
-0.0852,0.0101,0.0349,0.0380481776935,[[-0.0852257]],[[ 0.01027212]],[[ 0.03519827]],[[-0.00107243]],[[ 0.00916592]],[[ 0.01360141]],[[ 0.]],[[ 0.]],[[ 0.86298128]],[[ 0.19438041]],[[-0.]],80,[[ 0.0852257]],[[-0.01027212]],[[ 0.36480173]]
-0.0852,0.0101,0.0349,0.0380481776935,[[-0.08522594]],[[ 0.01028787]],[[ 0.03526498]],[[-0.00104865]],[[ 0.00899366]],[[ 0.01320165]],[[ 0.]],[[ 0.]],[[ 0.86274587]],[[ 0.19281531]],[[-0.]],80,[[ 0.08522594]],[[-0.01028787]],[[ 0.36473502]]
-0.0852,0.0101,0.0349,0.0380481776935,[[-0.08522596]],[[ 0.01029797]],[[ 0.03531773]],[[-0.00102541]],[[ 0.00881646]],[[ 0.01274458]],[[ 0.]],[[ 0.]],[[ 0.86251371]],[[ 0.19114429]],[[-0.]],80,[[ 0.08522596]],[[-0.01029797]],[[ 0.36468227]]
-0.0852,0.0101,0.0349,0.0380481776935,[[-0.08522582]],[[ 0.01030402]],[[ 0.03535829]],[[-0.00100284]],[[ 0.00863808]],[[ 0.01224356]],[[ 0.]],[[ 0.]],[[ 0.86228657]],[[ 0.18942095]],[[-0.]],80,[[ 0.08522582]],[[-0.01030402]],[[ 0.36464171]]
-0.0852,0.0101,0.0349,0.0380481776935,[[-0.08522557]],[[ 0.01030717]],[[ 0.03538821]],[[-0.00098098]],[[ 0.00846105]],[[ 0.01171016]],[[ 0.]],[[ 0.]],[[ 0.86206558]],[[ 0.18768213]],[[-0.]],80,[[ 0.08522557]],[[-0.01030717]],[[ 0.36461179]]
-0.0847,0.01,0.0544,0.0380481776935,[[-0.08508213]],[[ 0.01027963]],[[ 0.03851432]],[[-0.00066167]],[[ 0.00822738]],[[ 0.0290576]],[[ 0.]],[[ 0.]],[[ 0.85743796]],[[ 0.18507011]],[[-0.]],80,[[ 0.08508213]],[[-0.01027963]],[[ 0.36148568]]
-0.0847,0.01,0.0544,0.0380481776935,[[-0.08497759]],[[ 0.01025843]],[[ 0.04128769]],[[-0.00043472]],[[ 0.00801611]],[[ 0.04337097]],[[ 0.]],[[ 0.]],[[ 0.85412319]],[[ 0.18274535]],[[-0.]],80,[[ 0.08497759]],[[-0.01025843]],[[ 0.35871231]]
-0.0847,0.01,0.0544,0.0380481776935,[[-0.08490142]],[[ 0.01024189]],[[ 0.0437394]],[[-0.00027354]],[[ 0.00782254]],[[ 0.05500466]],[[ 0.]],[[ 0.]],[[ 0.85174959]],[[ 0.18064426]],[[-0.]],80,[[ 0.08490142]],[[-0.01024189]],[[ 0.3562606]]
-0.0847,0.01,0.0544,0.0380481776935,[[-0.08484592]],[[ 0.01022879]],[[ 0.04589839]],[[-0.00015919]],[[ 0.00764323]],[[ 0.06428025]],[[ 0.]],[[ 0.]],[[ 0.85005101]],[[ 0.17872028]],[[-0.]],80,[[ 0.08484592]],[[-0.01022879]],[[ 0.35410161]]
-0.0847,0.01,0.0544,0.0380481776935,[[-0.08480547]],[[ 0.01021824]],[[ 0.04779161]],[[ -7.82045862e-05]],[[ 0.00747567]],[[ 0.07148908]],[[ 0.]],[[ 0.]],[[ 0.84883676]],[[ 0.17693909]],[[-0.]],80,[[ 0.08480547]],[[-0.01021824]],[[ 0.35220839]]
-0.0847,0.01,0.0544,0.0380481776935,[[-0.084776]],[[ 0.01020959]],[[ 0.04944412]],[[ -2.10060810e-05]],[[ 0.00731794]],[[ 0.07689462]],[[ 0.]],[[ 0.]],[[ 0.8479701]],[[ 0.17527523]],[[-0.]],80,[[ 0.084776]],[[-0.01020959]],[[ 0.35055588]]
-0.0847,0.01,0.0544,0.0380481776935,[[-0.08475454]],[[ 0.01020234]],[[ 0.05087911]],[[  1.92399301e-05]],[[ 0.00716862]],[[ 0.08073463]],[[ 0.]],[[ 0.]],[[ 0.84735298]],[[ 0.17370961]],[[-0.]],80,[[ 0.08475454]],[[-0.01020234]],[[ 0.34912089]]
-0.0847,0.01,0.0544,0.0380481776935,[[-0.0847389]],[[ 0.01019617]],[[ 0.05211809]],[[  4.74018150e-05]],[[ 0.00702661]],[[ 0.08322322]],[[ 0.]],[[ 0.]],[[ 0.84691502]],[[ 0.17222781]],[[-0.]],80,[[ 0.0847389]],[[-0.01019617]],[[ 0.34788191]]
-0.0847,0.01,0.0544,0.0380481776935,[[-0.08472752]],[[ 0.01019079]],[[ 0.05318091]],[[  6.69511856e-05]],[[ 0.00689108]],[[ 0.08455267]],[[ 0.]],[[ 0.]],[[ 0.84660569]],[[ 0.17081874]],[[-0.]],80,[[ 0.08472752]],[[-0.01019079]],[[ 0.34681909]]
-0.0898,0.0096,0.1376,0.056897733615,[[-0.08616581]],[[ 0.01007259]],[[ 0.06731897]],[[-0.00246742]],[[ 0.00656151]],[[ 0.16119411]],[[ 0.]],[[ 0.]],[[ 0.88633226]],[[ 0.16634098]],[[-0.]],80,[[ 0.08616581]],[[-0.01007259]],[[ 0.33268103]]
-0.0898,0.0096,0.1376,0.056897733615,[[-0.08721343]],[[ 0.00998567]],[[ 0.07985253]],[[-0.00423881]],[[ 0.00629739]],[[ 0.22416668]],[[ 0.]],[[ 0.]],[[ 0.91452242]],[[ 0.16283061]],[[-0.]],[[ 79.88654017]],[[ 0.08721343]],[[-0.00998567]],[[ 0.32014747]]
-0.0898,0.0096,0.1376,0.056897733615,[[-0.08797627]],[[ 0.0099216]],[[ 0.09092204]],[[-0.00546577]],[[ 0.00608102]],[[ 0.27506768]],[[ 0.]],[[ 0.]],[[ 0.93442032]],[[ 0.16002625]],[[-0.]],[[ 79.0785597]],[[ 0.08797627]],[[-0.0099216]],[[ 0.30907796]]
-0.0898,0.0096,0.1376,0.056897733615,[[-0.08853149]],[[ 0.00987421]],[[ 0.10065895]],[[-0.00630442]],[[ 0.00589974]],[[ 0.31535069]],[[ 0.]],[[ 0.]],[[ 0.94835907]],[[ 0.15773944]],[[-0.]],[[ 78.39029881]],[[ 0.08853149]],[[-0.00987421]],[[ 0.29934105]]
-0.0898,0.0096,0.1376,0.056897733615,[[-0.08893537]],[[ 0.00983899]],[[ 0.109186]],[[-0.00686634]],[[ 0.00574441]],[[ 0.3463352]],[[ 0.]],[[ 0.]],[[ 0.95801709]],[[ 0.15583409]],[[-0.]],[[ 77.80902378]],[[ 0.08893537]],[[-0.00983899]],[[ 0.290814]]
-0.0898,0.0096,0.1376,0.056897733615,[[-0.08922892]],[[ 0.00981269]],[[ 0.11661746]],[[-0.0072313]],[[ 0.0056085]],[[ 0.36921598]],[[ 0.]],[[ 0.]],[[ 0.96460215]],[[ 0.15421182]],[[-0.]],[[ 77.32304734]],[[ 0.08922892]],[[-0.00981269]],[[ 0.28338254]]
-0.0971,0.0137,0.1676,0.056897733615,[[-0.09150308]],[[ 0.01095045]],[[ 0.12783054]],[[-0.01074941]],[[ 0.00733681]],[[ 0.41258337]],[[ 0.]],[[ 0.]],[[ 1.02252484]],[[ 0.18287257]],[[-0.]],[[ 76.54555618]],[[ 0.09150308]],[[-0.01095045]],[[ 0.27216946]]
-0.0971,0.0137,0.1676,0.056897733615,[[-0.09315935]],[[ 0.01177888]],[[ 0.13762501]],[[-0.01318651]],[[ 0.00852493]],[[ 0.44527027]],[[ 0.]],[[ 0.]],[[ 1.06345866]],[[ 0.20303806]],[[-0.]],[[ 75.89239812]],[[ 0.09315935]],[[-0.01177888]],[[ 0.26237499]]
-0.0971,0.0137,0.1676,0.056897733615,[[-0.09436512]],[[ 0.01238175]],[[ 0.14613668]],[[-0.01485112]],[[ 0.00932729]],[[ 0.4686755]],[[ 0.]],[[ 0.]],[[ 1.0921624]],[[ 0.21709047]],[[-0.]],[[ 75.34978859]],[[ 0.09436512]],[[-0.01238175]],[[ 0.25386332]]
-0.0971,0.0137,0.1676,0.056897733615,[[-0.09524239]],[[ 0.01282019]],[[ 0.15349151]],[[-0.01596417]],[[ 0.00985446]],[[ 0.48406049]],[[ 0.]],[[ 0.]],[[ 1.11206563]],[[ 0.22674649]],[[-0.]],[[ 74.90512204]],[[ 0.09524239]],[[-0.01282019]],[[ 0.24650849]]
-0.0971,0.0137,0.1676,0.056897733615,[[-0.09588018]],[[ 0.01313874]],[[ 0.15980604]],[[-0.01668387]],[[ 0.01018561]],[[ 0.49255965]],[[ 0.]],[[ 0.]],[[ 1.12564051]],[[ 0.23324345]],[[-0.]],[[ 74.54689974]],[[ 0.09588018]],[[-0.01313874]],[[ 0.24019396]]
-0.0999,0.0135,0.1985,0.0780162175641,[[-0.09713135]],[[ 0.0133136]],[[ 0.17010201]],[[-0.01829279]],[[ 0.01029393]],[[ 0.52352713]],[[ 0.]],[[ 0.]],[[ 1.15424142]],[[ 0.23607528]],[[-0.]],[[ 73.8772637]],[[ 0.09713135]],[[-0.0133136]],[[ 0.22989799]]
-0.0999,0.0135,0.1985,0.0780162175641,[[-0.09804154]],[[ 0.01344001]],[[ 0.17902098]],[[-0.01935678]],[[ 0.01032828]],[[ 0.54476867]],[[ 0.]],[[ 0.]],[[ 1.17398318]],[[ 0.23768287]],[[-0.]],[[ 73.32510755]],[[ 0.09804154]],[[-0.01344001]],[[ 0.22097902]]
-0.0999,0.0135,0.1985,0.0780162175641,[[-0.09870311]],[[ 0.01353112]],[[ 0.18670015]],[[-0.02003201]],[[ 0.01031072]],[[ 0.55763621]],[[ 0.]],[[ 0.]],[[ 1.18735123]],[[ 0.23841841]],[[-0.]],[[ 72.87681141]],[[ 0.09870311]],[[-0.01353112]],[[ 0.21329985]]
-0.0999,0.0135,0.1985,0.0780162175641,[[-0.09918342]],[[ 0.01359652]],[[ 0.19326627]],[[-0.02043047]],[[ 0.01025705]],[[ 0.5633435]],[[ 0.]],[[ 0.]],[[ 1.19613887]],[[ 0.23853566]],[[-0.]],[[ 72.519969]],[[ 0.09918342]],[[-0.01359652]],[[ 0.20673373]]
-0.0999,0.0135,0.1985,0.0780162175641,[[-0.09953157]],[[ 0.01364319]],[[ 0.19883614]],[[-0.02063245]],[[ 0.01017855]],[[ 0.56297695]],[[ 0.]],[[ 0.]],[[ 1.20164013]],[[ 0.23821739]],[[-0.]],[[ 72.24330838]],[[ 0.09953157]],[[-0.01364319]],[[ 0.20116386]]
-0.0999,0.0135,0.1985,0.0780162175641,[[-0.09978339]],[[ 0.01367622]],[[ 0.20351711]],[[-0.02069548]],[[ 0.01008329]],[[ 0.55750587]],[[ 0.]],[[ 0.]],[[ 1.2047887]],[[ 0.23759514]],[[-0.]],[[ 72.03661489]],[[ 0.09978339]],[[-0.01367622]],[[ 0.19648289]]
-0.0999,0.0135,0.1985,0.0780162175641,[[-0.099965]],[[ 0.01369934]],[[ 0.20740764]],[[-0.02066083]],[[ 0.00997702]],[[ 0.54779225]],[[ 0.]],[[ 0.]],[[ 1.20625828]],[[ 0.23676353]],[[-0.]],[[ 71.89065673]],[[ 0.099965]],[[-0.01369934]],[[ 0.19259236]]
-0.0999,0.0135,0.1985,0.0780162175641,[[-0.10009546]],[[ 0.01371525]],[[ 0.21059775]],[[-0.02055803]],[[ 0.00986381]],[[ 0.53459989]],[[ 0.]],[[ 0.]],[[ 1.20653483]],[[ 0.23579052]],[[-0.]],[[ 71.79711326]],[[ 0.10009546]],[[-0.01371525]],[[ 0.18940225]]
-0.0999,0.0135,0.1985,0.0780162175641,[[-0.10018865]],[[ 0.01372592]],[[ 0.21316957]],[[-0.02040823]],[[ 0.00974656]],[[ 0.51860302]],[[ 0.]],[[ 0.]],[[ 1.20596879]],[[ 0.23472484]],[[-0.]],[[ 71.74850649]],[[ 0.10018865]],[[-0.01372592]],[[ 0.18683043]]
-0.1128,0.0124,0.243,0.0979129710369,[[-0.10386808]],[[ 0.01342469]],[[ 0.22227493]],[[-0.02498272]],[[ 0.00922177]],[[ 0.54120326]],[[ 0.]],[[ 0.]],[[ 1.28850805]],[[ 0.22646455]],[[-0.]],[[ 71.18023694]],[[ 0.10386808]],[[-0.01342469]],[[ 0.17772507]]
-0.1128,0.0124,0.243,0.0979129710369,[[-0.10654871]],[[ 0.0132042]],[[ 0.23012228]],[[-0.02814295]],[[ 0.00881522]],[[ 0.55524612]],[[ 0.]],[[ 0.]],[[ 1.34691659]],[[ 0.22019415]],[[-0.]],[[ 70.71765521]],[[ 0.10654871]],[[-0.0132042]],[[ 0.16987772]]
-0.1128,0.0124,0.243,0.0979129710369,[[-0.10850084]],[[ 0.01304262]],[[ 0.23683972]],[[-0.03028862]],[[ 0.00849449]],[[ 0.56196376]],[[ 0.]],[[ 0.]],[[ 1.38789456]],[[ 0.21537114]],[[-0.]],[[ 70.34819519]],[[ 0.10850084]],[[-0.01304262]],[[ 0.16316028]]
-0.1128,0.0124,0.243,0.0979129710369,[[-0.10992162]],[[ 0.01292404]],[[ 0.24254534]],[[-0.03170714]],[[ 0.00823624]],[[ 0.56245955]],[[ 0.]],[[ 0.]],[[ 1.41628764]],[[ 0.21160276]],[[-0.]],[[ 70.06043527]],[[ 0.10992162]],[[-0.01292404]],[[ 0.15745466]]
-0.1128,0.0124,0.243,0.0979129710369,[[-0.11095488]],[[ 0.01283684]],[[ 0.24734773]],[[-0.03260519]],[[ 0.00802362]],[[ 0.55771847]],[[ 0.]],[[ 0.]],[[ 1.4356007]],[[ 0.2086046]],[[-0.]],[[ 69.84402106]],[[ 0.11095488]],[[-0.01283684]],[[ 0.15265227]]
-0.1128,0.0124,0.243,0.0979129710369,[[-0.11170552]],[[ 0.01277255]],[[ 0.2513465]],[[-0.03313138]],[[ 0.00784451]],[[ 0.54861683]],[[ 0.]],[[ 0.]],[[ 1.44836899]],[[ 0.2061706]],[[-0.]],[[ 69.68959062]],[[ 0.11170552]],[[-0.01277255]],[[ 0.1486535]]
-0.122,0.0132,0.2785,0.0909316540289,[[-0.11482046]],[[ 0.01294851]],[[ 0.26027854]],[[-0.03654148]],[[ 0.00796396]],[[ 0.56848681]],[[ 0.]],[[ 0.]],[[ 1.51361936]],[[ 0.20912466]],[[-0.]],[[ 69.14363882]],[[ 0.11482046]],[[-0.01294851]],[[ 0.13972146]]
-0.122,0.0132,0.2785,0.0909316540289,[[-0.11708895]],[[ 0.01307614]],[[ 0.26795717]],[[-0.03884636]],[[ 0.00802209]],[[ 0.57998346]],[[ 0.]],[[ 0.]],[[ 1.55935308]],[[ 0.21098232]],[[-0.]],[[ 68.70222422]],[[ 0.11708895]],[[-0.01307614]],[[ 0.13204283]]
-0.122,0.0132,0.2785,0.0909316540289,[[-0.11874002]],[[ 0.01316855]],[[ 0.27451131]],[[-0.04035841]],[[ 0.00803668]],[[ 0.584333]],[[ 0.]],[[ 0.]],[[ 1.59098422]],[[ 0.21205225]],[[-0.]],[[ 68.35276959]],[[ 0.11874002]],[[-0.01316855]],[[ 0.12548869]]
-0.122,0.0132,0.2785,0.0909316540289,[[-0.11994075]],[[ 0.01323526]],[[ 0.28005969]],[[-0.04130247]],[[ 0.00802051]],[[ 0.58263221]],[[ 0.]],[[ 0.]],[[ 1.61243218]],[[ 0.21255776]],[[-0.]],[[ 68.08385466]],[[ 0.11994075]],[[-0.01323526]],[[ 0.11994031]]
-0.122,0.0132,0.2785,0.0909316540289,[[-0.12081303]],[[ 0.01328325]],[[ 0.28471137]],[[-0.04184042]],[[ 0.00798278]],[[ 0.57585891]],[[ 0.]],[[ 0.]],[[ 1.62653446]],[[ 0.21266036]],[[-0.]],[[ 67.8851368]],[[ 0.12081303]],[[-0.01328325]],[[ 0.11528863]]
-0.122,0.0132,0.2785,0.0909316540289,[[-0.12144577]],[[ 0.0133176]],[[ 0.28856632]],[[-0.04208877]],[[ 0.00793008]],[[ 0.56488192]],[[ 0.]],[[ 0.]],[[ 1.63534537]],[[ 0.21247687]],[[-0.]],[[ 67.74727449]],[[ 0.12144577]],[[-0.0133176]],[[ 0.11143368]]
-0.1395,0.0221,0.3285,0.109257611175,[[-0.12678246]],[[ 0.01582314]],[[ 0.29966763]],[[-0.04772403]],[[ 0.01071142]],[[ 0.59632266]],[[ 0.]],[[ 0.]],[[ 1.7450649]],[[ 0.2653456]],[[-0.]],[[ 67.03500511]],[[ 0.12678246]],[[-0.01582314]],[[ 0.10033237]]
-0.1395,0.0221,0.3285,0.109257611175,[[-0.13067089]],[[ 0.01764967]],[[ 0.30926785]],[[-0.05159328]],[[ 0.01266172]],[[ 0.61729466]],[[ 0.]],[[ 0.]],[[ 1.82264167]],[[ 0.30311389]],[[-0.]],[[ 66.45013404]],[[ 0.13067089]],[[-0.01764967]],[[ 0.09073215]]
-0.1395,0.0221,0.3285,0.109257611175,[[-0.13350282]],[[ 0.01898085]],[[ 0.31751767]],[[-0.05419293]],[[ 0.0140138]],[[ 0.62927052]],[[ 0.]],[[ 0.]],[[ 1.87695752]],[[ 0.32994652]],[[-0.]],[[ 65.97776395]],[[ 0.13350282]],[[-0.01898085]],[[ 0.08248233]]
-0.1395,0.0221,0.3285,0.109257611175,[[-0.13556406]],[[ 0.01995065]],[[ 0.32455619]],[[-0.05588079]],[[ 0.01493551]],[[ 0.63357111]],[[ 0.]],[[ 0.]],[[ 1.91444848]],[[ 0.34886166]],[[-0.]],[[ 65.60433502]],[[ 0.13556406]],[[-0.01995065]],[[ 0.07544381]]
-0.1395,0.0221,0.3285,0.109257611175,[[-0.13706312]],[[ 0.02065684]],[[ 0.3305115]],[[-0.05691474]],[[ 0.01554783]],[[ 0.63137763]],[[ 0.]],[[ 0.]],[[ 1.93977853]],[[ 0.36204671]],[[-0.]],[[ 65.31753663]],[[ 0.13706312]],[[-0.02065684]],[[ 0.0694885]]
-0.1395,0.0221,0.3285,0.109257611175,[[-0.13815211]],[[ 0.02117072]],[[ 0.33550127]],[[-0.05748065]],[[ 0.01593799]],[[ 0.62374299]],[[ 0.]],[[ 0.]],[[ 1.95632763]],[[ 0.37108712]],[[-0.]],[[ 65.10622152]],[[ 0.13815211]],[[-0.02117072]],[[ 0.06449873]]
-0.1395,0.0221,0.3285,0.109257611175,[[-0.13894203]],[[ 0.02154432]],[[ 0.33963328]],[[-0.0577125]],[[ 0.01616888]],[[ 0.61160254]],[[ 0.]],[[ 0.]],[[ 1.96654523]],[[ 0.37713207]],[[-0.]],[[ 64.96032304]],[[ 0.13894203]],[[-0.02154432]],[[ 0.06036672]]
-0.1495,0.022,0.3855,0.10908307825,[[-0.14229548]],[[ 0.02178779]],[[ 0.35207106]],[[-0.06067551]],[[ 0.01625616]],[[ 0.64805561]],[[ 0.]],[[ 0.]],[[ 2.02970983]],[[ 0.3804395]],[[-0.]],[[ 64.15616912]],[[ 0.14229548]],[[-0.02178779]],[[ 0.04792894]]
-0.1495,0.022,0.3855,0.10908307825,[[-0.14473698]],[[ 0.02196416]],[[ 0.36283735]],[[-0.06261463]],[[ 0.01627075]],[[ 0.67276842]],[[ 0.]],[[ 0.]],[[ 2.07351609]],[[ 0.38234911]],[[-0.]],[[ 63.49429061]],[[ 0.14473698]],[[-0.02196416]],[[ 0.03716265]]
-0.1495,0.022,0.3855,0.10908307825,[[-0.1465132]],[[ 0.0220916]],[[ 0.37209925]],[[-0.0638185]],[[ 0.01623384]],[[ 0.68738145]],[[ 0.]],[[ 0.]],[[ 2.10331702]],[[ 0.3832543]],[[-0.]],[[ 62.95813043]],[[ 0.1465132]],[[-0.0220916]],[[ 0.02790075]]
-0.1495,0.022,0.3855,0.10908307825,[[-0.14780414]],[[ 0.02218336]],[[ 0.38001107]],[[-0.0644953]],[[ 0.01616066]],[[ 0.69336693]],[[ 0.]],[[ 0.]],[[ 2.1229944]],[[ 0.38344017]],[[-0.]],[[ 62.53261178]],[[ 0.14780414]],[[-0.02218336]],[[ 0.01998893]]
-0.1495,0.022,0.3855,0.10908307825,[[-0.14874109]],[[ 0.02224911]],[[ 0.38671498]],[[-0.06479522]],[[ 0.01606221]],[[ 0.69204204]],[[ 0.]],[[ 0.]],[[ 2.13536316]],[[ 0.38311322]],[[-0.]],[[ 62.20404095]],[[ 0.14874109]],[[-0.02224911]],[[ 0.01328502]]
-0.1638,0.0261,0.449,0.10908307825,[[-0.15339215]],[[ 0.02343482]],[[ 0.4024403]],[[-0.06886884]],[[ 0.01710535]],[[ 0.7428137]],[[ 0.]],[[ 0.]],[[ 2.22260988]],[[ 0.40540178]],[[-0.]],[[ 61.16391662]],[[ 0.15339215]],[[-0.02343482]],[[-0.0024403]]
-0.1638,0.0261,0.449,0.10908307825,[[-0.15677994]],[[ 0.02429852]],[[ 0.41609172]],[[-0.07159033]],[[ 0.01780374]],[[ 0.77869898]],[[ 0.]],[[ 0.]],[[ 2.28370272]],[[ 0.42102259]],[[-0.]],[[ 60.30191928]],[[ 0.15677994]],[[-0.02429852]],[[-0.01609172]]
-0.1638,0.0261,0.449,0.10908307825,[[-0.15924613]],[[ 0.02492729]],[[ 0.42787387]],[[-0.07333913]],[[ 0.01825409]],[[ 0.80173625]],[[ 0.]],[[ 0.]],[[ 2.32585257]],[[ 0.43181378]],[[-0.]],60,[[ 0.15924613]],[[-0.02492729]],[[-0.02787387]]
-0.1638,0.0261,0.449,0.10908307825,[[-0.16103997]],[[ 0.02538467]],[[ 0.43797598]],[[-0.07438918]],[[ 0.01852624]],[[ 0.81375754]],[[ 0.]],[[ 0.]],[[ 2.35429157]],[[ 0.43910908]],[[-0.]],60,[[ 0.16103997]],[[-0.02538467]],[[-0.03797598]]
-0.1638,0.0261,0.449,0.10908307825,[[-0.16234335]],[[ 0.02571703]],[[ 0.4465726]],[[-0.07493827]],[[ 0.0186706]],[[ 0.81640453]],[[ 0.]],[[ 0.]],[[ 2.37281619]],[[ 0.44387627]],[[-0.]],60,[[ 0.16234335]],[[-0.02571703]],[[-0.0465726]]
-0.1638,0.0261,0.449,0.10908307825,[[-0.16328895]],[[ 0.02595819]],[[ 0.45382432]],[[-0.07512916]],[[ 0.01872357]],[[ 0.81114379]],[[ 0.]],[[ 0.]],[[ 2.38418111]],[[ 0.44681754]],[[-0.]],60,[[ 0.16328895]],[[-0.02595819]],[[-0.05382432]]
-0.1699,0.0293,0.4494,0.149400183971,[[-0.16566557]],[[ 0.02702041]],[[ 0.45994214]],[[-0.07669657]],[[ 0.01956738]],[[ 0.79964798]],[[ 0.]],[[ 0.]],[[ 2.42362144]],[[ 0.46587791]],[[-0.]],60,[[ 0.16566557]],[[-0.02702041]],[[-0.05994214]]
-0.1699,0.0293,0.4494,0.149400183971,[[-0.16739409]],[[ 0.02779397]],[[ 0.46499033]],[[-0.0776159]],[[ 0.02011989]],[[ 0.7826473]],[[ 0.]],[[ 0.]],[[ 2.45009992]],[[ 0.47913858]],[[-0.]],60,[[ 0.16739409]],[[-0.02779397]],[[-0.06499033]]
-0.1699,0.0293,0.4494,0.149400183971,[[-0.16864982]],[[ 0.02835693]],[[ 0.46909272]],[[-0.07807051]],[[ 0.02046282]],[[ 0.76117312]],[[ 0.]],[[ 0.]],[[ 2.46720324]],[[ 0.48819748]],[[-0.]],60,[[ 0.16864982]],[[-0.02835693]],[[-0.06909272]]
-0.1699,0.0293,0.4494,0.149400183971,[[-0.16956065]],[[ 0.02876624]],[[ 0.47236209]],[[-0.07819283]],[[ 0.02065522]],[[ 0.7361338]],[[ 0.]],[[ 0.]],[[ 2.47753484]],[[ 0.49421463]],[[-0.]],60,[[ 0.16956065]],[[-0.02876624]],[[-0.07236209]]
-0.1746,0.0287,0.4873,0.105766952671,[[-0.17152242]],[[ 0.0288972]],[[ 0.48092837]],[[-0.07929264]],[[ 0.02058475]],[[ 0.74308183]],[[ 0.]],[[ 0.]],[[ 2.50815051]],[[ 0.49481948]],[[-0.]],60,[[ 0.17152242]],[[-0.0288972]],[[-0.08092837]]
-0.1746,0.0287,0.4873,0.105766952671,[[-0.17294834]],[[ 0.02899137]],[[ 0.48819074]],[[-0.07987784]],[[ 0.02048151]],[[ 0.74211052]],[[ 0.]],[[ 0.]],[[ 2.5282618]],[[ 0.49472888]],[[-0.]],60,[[ 0.17294834]],[[-0.02899137]],[[-0.08819074]]
-0.1746,0.0287,0.4873,0.105766952671,[[-0.17398337]],[[ 0.02905874]],[[ 0.49428997]],[[-0.08009447]],[[ 0.02035548]],[[ 0.73448821]],[[ 0.]],[[ 0.]],[[ 2.54077848]],[[ 0.49414221]],[[-0.]],60,[[ 0.17398337]],[[-0.02905874]],[[-0.09428997]]
-0.1746,0.0287,0.4873,0.105766952671,[[-0.17473327]],[[ 0.02910657]],[[ 0.49935511]],[[-0.08004804]],[[ 0.02021384]],[[ 0.72134255]],[[ 0.]],[[ 0.]],[[ 2.54781316]],[[ 0.49320403]],[[-0.]],60,[[ 0.17473327]],[[-0.02910657]],[[-0.09935511]]
-0.1746,0.0287,0.4873,0.105766952671,[[-0.1752752]],[[ 0.02914016]],[[ 0.50350417]],[[-0.07981475]],[[ 0.02006176]],[[ 0.70367251]],[[ 0.]],[[ 0.]],[[ 2.55089955]],[[ 0.49201914]],[[-0.]],60,[[ 0.1752752]],[[-0.02914016]],[[-0.10350417]]
-0.1746,0.0287,0.4873,0.105766952671,[[-0.17566547]],[[ 0.02916338]],[[ 0.50684478]],[[-0.07944963]],[[ 0.01990296]],[[ 0.68235964]],[[ 0.]],[[ 0.]],[[ 2.551151]],[[ 0.49066343]],[[-0.]],60,[[ 0.17566547]],[[-0.02916338]],[[-0.10684478]]
-0.1814,0.0283,0.4879,0.130550628049,[[-0.1778273]],[[ 0.02906835]],[[ 0.50957031]],[[-0.08066404]],[[ 0.01964179]],[[ 0.65872896]],[[ 0.]],[[ 0.]],[[ 2.5849134]],[[ 0.48710139]],[[-0.]],60,[[ 0.1778273]],[[-0.02906835]],[[-0.10957031]]
-0.1814,0.0283,0.4879,0.130550628049,[[-0.1793994]],[[ 0.02899779]],[[ 0.51166366]],[[-0.08133862]],[[ 0.0194065]],[[ 0.63281557]],[[ 0.]],[[ 0.]],[[ 2.60738025]],[[ 0.48404286]],[[-0.]],60,[[ 0.1793994]],[[-0.02899779]],[[-0.11166366]]
-0.1814,0.0283,0.4879,0.130550628049,[[-0.18054127]],[[ 0.02894509]],[[ 0.51320617]],[[-0.08162588]],[[ 0.01919071]],[[ 0.60522013]],[[ 0.]],[[ 0.]],[[ 2.62167152]],[[ 0.48135798]],[[-0.]],60,[[ 0.18054127]],[[-0.02894509]],[[-0.11320617]]
-0.1814,0.0283,0.4879,0.130550628049,[[-0.18136928]],[[ 0.02890546]],[[ 0.5142713]],[[-0.08163608]],[[ 0.01898976]],[[ 0.5764632]],[[ 0.]],[[ 0.]],[[ 2.63005357]],[[ 0.4789522]],[[-0.]],60,[[ 0.18136928]],[[-0.02890546]],[[-0.1142713]]
-0.1814,0.0283,0.4879,0.130550628049,[[-0.18196834]],[[ 0.02887538]],[[ 0.5149252]],[[-0.08144892]],[[ 0.01880028]],[[ 0.54699322]],[[ 0.]],[[ 0.]],[[ 2.63417264]],[[ 0.47675659]],[[-0.]],60,[[ 0.18196834]],[[-0.02887538]],[[-0.1149252]]
-0.1814,0.0283,0.4879,0.130550628049,[[-0.18240044]],[[ 0.02885228]],[[ 0.51522727]],[[-0.081122]],[[ 0.01861981]],[[ 0.51719383]],[[ 0.]],[[ 0.]],[[ 2.63522436]],[[ 0.47472091]],[[-0.]],60,[[ 0.18240044]],[[-0.02885228]],[[-0.11522727]]
-0.191,0.0337,0.5169,0.127583568321,[[-0.18536501]],[[ 0.03032731]],[[ 0.51984272]],[[-0.08294936]],[[ 0.01971353]],[[ 0.51398491]],[[ 0.]],[[ 0.]],[[ 2.68314364]],[[ 0.50040845]],[[-0.]],60,[[ 0.18536501]],[[-0.03032731]],[[-0.11984272]]
-0.191,0.0337,0.5169,0.127583568321,[[-0.18752292]],[[ 0.03140229]],[[ 0.52369716]],[[-0.08406843]],[[ 0.02045303]],[[ 0.50657286]],[[ 0.]],[[ 0.]],[[ 2.71591342]],[[ 0.51855316]],[[-0.]],60,[[ 0.18752292]],[[-0.03140229]],[[-0.12369716]]
-0.191,0.0337,0.5169,0.127583568321,[[-0.18909227]],[[ 0.03218535]],[[ 0.52687627]],[[-0.08467782]],[[ 0.02093686]],[[ 0.4956941]],[[ 0.]],[[ 0.]],[[ 2.73770099]],[[ 0.53122216]],[[-0.]],60,[[ 0.18909227]],[[-0.03218535]],[[-0.12687627]]
-0.191,0.0337,0.5169,0.127583568321,[[-0.19023224]],[[ 0.03275543]],[[ 0.52945831]],[[-0.08492126]],[[ 0.02123636]],[[ 0.48199972]],[[ 0.]],[[ 0.]],[[ 2.75153501]],[[ 0.53991791]],[[-0.]],60,[[ 0.19023224]],[[-0.03275543]],[[-0.12945831]]
-0.191,0.0337,0.5169,0.127583568321,[[-0.19105895]],[[ 0.0331701]],[[ 0.53151455]],[[-0.08490271]],[[ 0.02140315]],[[ 0.46606309]],[[ 0.]],[[ 0.]],[[ 2.75961655]],[[ 0.5457325]],[[-0.]],60,[[ 0.19105895]],[[-0.0331701]],[[-0.13151455]]
-0.2004,0.0435,0.5177,0.142593399888,[[-0.19425394]],[[ 0.03617869]],[[ 0.53323699]],[[-0.08682315]],[[ 0.02369082]],[[ 0.44912058]],[[ 0.]],[[ 0.]],[[ 2.81077087]],[[ 0.59869508]],[[-0.]],60,[[ 0.19425394]],[[-0.03617869]],[[-0.13323699]]
-0.2004,0.0435,0.5177,0.142593399888,[[-0.19657996]],[[ 0.03837239]],[[ 0.53454301]],[[-0.08800821]],[[ 0.02528152]],[[ 0.43075389]],[[ 0.]],[[ 0.]],[[ 2.84588173]],[[ 0.63653904]],[[-0.]],60,[[ 0.19657996]],[[-0.03837239]],[[-0.13454301]]
-0.2004,0.0435,0.5177,0.142593399888,[[-0.19827197]],[[ 0.03997147]],[[ 0.53548688]],[[-0.08866367]],[[ 0.02636835]],[[ 0.41135796]],[[ 0.]],[[ 0.]],[[ 2.86935639]],[[ 0.66339819]],[[-0.]],60,[[ 0.19827197]],[[-0.03997147]],[[-0.13548688]]
-0.2004,0.0435,0.5177,0.142593399888,[[-0.19950139]],[[ 0.04113666]],[[ 0.53611752]],[[-0.08893851]],[[ 0.02709116]],[[ 0.39127433]],[[ 0.]],[[ 0.]],[[ 2.88439891]],[[ 0.6822782]],[[-0.]],60,[[ 0.19950139]],[[-0.04113666]],[[-0.13611752]]
-0.2004,0.0435,0.5177,0.142593399888,[[-0.20039332]],[[ 0.04198526]],[[ 0.53647898]],[[-0.08894053]],[[ 0.02755119]],[[ 0.37079654]],[[ 0.]],[[ 0.]],[[ 2.89333853]],[[ 0.69536454]],[[-0.]],60,[[ 0.20039332]],[[-0.04198526]],[[-0.13647898]]
-0.2004,0.0435,0.5177,0.142593399888,[[-0.20103905]],[[ 0.04260285]],[[ 0.53661074]],[[-0.08874779]],[[ 0.02782178]],[[ 0.35017508]],[[ 0.]],[[ 0.]],[[ 2.89786847]],[[ 0.7042463]],[[-0.]],60,[[ 0.20103905]],[[-0.04260285]],[[-0.13661074]]
-0.2077,0.048,0.5155,0.105766952671,[[-0.20352003]],[[ 0.04429391]],[[ 0.53619825]],[[-0.08999984]],[[ 0.02893188]],[[ 0.32760441]],[[ 0.]],[[ 0.]],[[ 2.93519876]],[[ 0.73225798]],[[-0.]],60,[[ 0.20352003]],[[-0.04429391]],[[-0.13619825]]
-0.2077,0.048,0.5155,0.105766952671,[[-0.20532518]],[[ 0.04552614]],[[ 0.53566154]],[[-0.09070636]],[[ 0.02966786]],[[ 0.30561899]],[[ 0.]],[[ 0.]],[[ 2.96031541]],[[ 0.75194]],[[-0.]],60,[[ 0.20532518]],[[-0.04552614]],[[-0.13566154]]
-0.2077,0.048,0.5155,0.105766952671,[[-0.20663724]],[[ 0.04642356]],[[ 0.53502531]],[[-0.0910204]],[[ 0.0301337]],[[ 0.28432737]],[[ 0.]],[[ 0.]],[[ 2.9765764]],[[ 0.76557257]],[[-0.]],60,[[ 0.20663724]],[[-0.04642356]],[[-0.13502531]]
-0.2077,0.048,0.5155,0.105766952671,[[-0.20758953]],[[ 0.04707668]],[[ 0.5343112]],[[-0.09105283]],[[ 0.03040472]],[[ 0.26381445]],[[ 0.]],[[ 0.]],[[ 2.98642359]],[[ 0.77481401]],[[-0.]],60,[[ 0.20758953]],[[-0.04707668]],[[-0.1343112]]
-0.2077,0.048,0.5155,0.105766952671,[[-0.20827936]],[[ 0.04755155]],[[ 0.53353815]],[[-0.09088389]],[[ 0.03053548]],[[ 0.24414451]],[[ 0.]],[[ 0.]],[[ 2.99163255]],[[ 0.78087036]],[[-0.]],60,[[ 0.20827936]],[[-0.04755155]],[[-0.13353815]]
-0.2164,0.0545,0.505,0.105766952671,[[-0.21117731]],[[ 0.04968916]],[[ 0.53105276]],[[-0.09239681]],[[ 0.03192909]],[[ 0.21573494]],[[ 0.]],[[ 0.]],[[ 3.03574113]],[[ 0.8161825]],[[-0.]],60,[[ 0.21117731]],[[-0.04968916]],[[-0.13105276]]
-0.2164,0.0545,0.505,0.105766952671,[[-0.21328676]],[[ 0.05124711]],[[ 0.52872372]],[[-0.0932928]],[[ 0.03286528]],[[ 0.18986509]],[[ 0.]],[[ 0.]],[[ 3.06579563]],[[ 0.8411239]],[[-0.]],60,[[ 0.21328676]],[[-0.05124711]],[[-0.12872372]]
-0.2164,0.0545,0.505,0.105766952671,[[-0.21482089]],[[ 0.05238209]],[[ 0.52654752]],[[-0.09374435]],[[ 0.0334709]],[[ 0.16636831]],[[ 0.]],[[ 0.]],[[ 3.08565239]],[[ 0.85852991]],[[-0.]],60,[[ 0.21482089]],[[-0.05238209]],[[-0.12654752]]
-0.2164,0.0545,0.505,0.105766952671,[[-0.21593524]],[[ 0.05320844]],[[ 0.52451982]],[[-0.0938764]],[[ 0.03383787]],[[ 0.14508267]],[[ 0.]],[[ 0.]],[[ 3.09811645]],[[ 0.87046307]],[[-0.]],60,[[ 0.21593524]],[[-0.05320844]],[[-0.12451982]]
-0.2164,0.0545,0.505,0.105766952671,[[-0.21674334]],[[ 0.05380958]],[[ 0.52263558]],[[-0.09377947]],[[ 0.0340328]],[[ 0.12585172]],[[ 0.]],[[ 0.]],[[ 3.10522804]],[[ 0.87842379]],[[-0.]],60,[[ 0.21674334]],[[-0.05380958]],[[-0.12263558]]
-0.2213,0.0552,0.4824,0.121649448864,[[-0.21867862]],[[ 0.05443935]],[[ 0.51729509]],[[-0.09451494]],[[ 0.03424621]],[[ 0.08779991]],[[ 0.]],[[ 0.]],[[ 3.13193562]],[[ 0.88685564]],[[-0.]],60,[[ 0.21867862]],[[-0.05443935]],[[-0.11729509]]
-0.2213,0.0552,0.4824,0.121649448864,[[-0.22008574]],[[ 0.05489707]],[[ 0.51248393]],[[-0.09485351]],[[ 0.03433068]],[[ 0.0549945]],[[ 0.]],[[ 0.]],[[ 3.14939252]],[[ 0.89227745]],[[-0.]],60,[[ 0.22008574]],[[-0.05489707]],[[-0.11248393]]
-0.2213,0.0552,0.4824,0.121649448864,[[-0.2211075]],[[ 0.05522925]],[[ 0.50816202]],[[-0.09490685]],[[ 0.03432257]],[[ 0.02690197]],[[ 0.]],[[ 0.]],[[ 3.16014355]],[[ 0.89551821]],[[-0.]],60,[[ 0.2211075]],[[-0.05522925]],[[-0.10816202]]
-0.2213,0.0552,0.4824,0.121649448864,[[-0.22184811]],[[ 0.05546984]],[[ 0.5042912]],[[-0.09475589]],[[ 0.03424825]],[[ 0.00303042]],[[ 0.]],[[ 0.]],[[ 3.16604]],[[ 0.89718096]],[[-0.]],60,[[ 0.22184811]],[[-0.05546984]],[[-0.1042912]]
-0.2213,0.0552,0.4824,0.121649448864,[[-0.22238361]],[[ 0.05564363]],[[ 0.50083522]],[[-0.09445924]],[[ 0.0341268]],[[-0.0170725]],[[ 0.]],[[ 0.]],[[ 3.1684285]],[[ 0.89770433]],[[-0.]],[[ 60.04360152]],[[ 0.22238361]],[[-0.05564363]],[[-0.10083522]]
-0.229,0.062,0.4552,0.131772358526,[[-0.22489062]],[[ 0.05764189]],[[ 0.49343406]],[[-0.09557749]],[[ 0.03531273]],[[-0.05876534]],[[ 0.]],[[ 0.]],[[ 3.20468106]],[[ 0.92954619]],[[-0.]],[[ 60.62212377]],[[ 0.22489062]],[[-0.05764189]],[[-0.09343406]]
-0.229,0.062,0.4552,0.131772358526,[[-0.22671502]],[[ 0.05909815]],[[ 0.48685932]],[[-0.09619558]],[[ 0.0360977]],[[-0.09328865]],[[ 0.]],[[ 0.]],[[ 3.22910605]],[[ 0.95195843]],[[-0.]],[[ 61.12347745]],[[ 0.22671502]],[[-0.05909815]],[[-0.08685932]]
-0.229,0.062,0.4552,0.131772358526,[[-0.22804135]],[[ 0.0601589]],[[ 0.48103986]],[[-0.09645337]],[[ 0.03659279]],[[-0.12146607]],[[ 0.]],[[ 0.]],[[ 3.24494725]],[[ 0.96751692]],[[-0.]],[[ 61.55533742]],[[ 0.22804135]],[[-0.0601589]],[[-0.08103986]]
-0.229,0.062,0.4552,0.131772358526,[[-0.22900426]],[[ 0.06093106]],[[ 0.47590893]],[[-0.09645223]],[[ 0.03687856]],[[-0.1440484]],[[ 0.]],[[ 0.]],[[ 3.25456499]],[[ 0.97809622]],[[-0.]],[[ 61.92479527]],[[ 0.22900426]],[[-0.06093106]],[[-0.07590893]]
-0.229,0.062,0.4552,0.131772358526,[[-0.22970203]],[[ 0.06149263]],[[ 0.4714041]],[[-0.09626564]],[[ 0.03701342]],[[-0.16171836]],[[ 0.]],[[ 0.]],[[ 3.2596767]],[[ 0.98506049]],[[-0.]],[[ 62.23838702]],[[ 0.22970203]],[[-0.06149263]],[[-0.0714041]]
-0.2294,0.0658,0.4551,0.134041286553,[[-0.2303165]],[[ 0.06294676]],[[ 0.46745118]],[[-0.09602344]],[[ 0.03776744]],[[-0.17518687]],[[ 0.]],[[ 0.]],[[ 3.26339931]],[[ 1.00714203]],[[-0.]],[[ 62.50337525]],[[ 0.2303165]],[[-0.06294676]],[[-0.06745118]]
-0.2294,0.0658,0.4551,0.134041286553,[[-0.23076009]],[[ 0.06400593]],[[ 0.46401365]],[[-0.09566605]],[[ 0.03823886]],[[-0.18490688]],[[ 0.]],[[ 0.]],[[ 3.26426136]],[[ 1.02244796]],[[-0.]],[[ 62.72385173]],[[ 0.23076009]],[[-0.06400593]],[[-0.06401365]]
-0.2294,0.0658,0.4551,0.134041286553,[[-0.23107904]],[[ 0.0647769]],[[ 0.46104107]],[[-0.09522734]],[[ 0.03850618]],[[-0.1913854]],[[ 0.]],[[ 0.]],[[ 3.2630638]],[[ 1.03283084]],[[-0.]],[[ 62.90487351]],[[ 0.23107904]],[[-0.0647769]],[[-0.06104107]]
-0.2294,0.0658,0.4551,0.134041286553,[[-0.23130709]],[[ 0.06533757]],[[ 0.45848675]],[[-0.09473184]],[[ 0.03862633]],[[-0.19507853]],[[ 0.]],[[ 0.]],[[ 3.26038925]],[[ 1.03963904]],[[-0.]],[[ 63.0510552]],[[ 0.23130709]],[[-0.06533757]],[[-0.05848675]]
-0.2294,0.0658,0.4551,0.134041286553,[[-0.23146886]],[[ 0.0657448]],[[ 0.4563076]],[[-0.09419728]],[[ 0.0386406]],[[-0.19639536]],[[ 0.]],[[ 0.]],[[ 3.25666141]],[[ 1.04385391]],[[-0.]],[[ 63.16659706]],[[ 0.23146886]],[[-0.0657448]],[[-0.0563076]]
-0.2294,0.0658,0.4551,0.134041286553,[[-0.23158232]],[[ 0.06604006]],[[ 0.45446393]],[[-0.09363651]],[[ 0.03857891]],[[-0.19570175]],[[ 0.]],[[ 0.]],[[ 3.25218829]],[[ 1.04618971]],[[-0.]],[[ 63.25531232]],[[ 0.23158232]],[[-0.06604006]],[[-0.05446393]]
-0.2337,0.0742,0.4061,0.158650429006,[[-0.23284373]],[[ 0.06856491]],[[ 0.4451266]],[[-0.09385534]],[[ 0.04001901]],[[-0.23825882]],[[ 0.]],[[ 0.]],[[ 3.26699062]],[[ 1.08583918]],[[-0.]],[[ 63.93496422]],[[ 0.23284373]],[[-0.06856491]],[[-0.0451266]]
-0.2337,0.0742,0.4061,0.158650429006,[[-0.23375964]],[[ 0.07040534]],[[ 0.43691634]],[[-0.09384018]],[[ 0.04098353]],[[-0.2718629]],[[ 0.]],[[ 0.]],[[ 3.27599819]],[[ 1.11388868]],[[-0.]],[[ 64.51349766]],[[ 0.23375964]],[[-0.07040534]],[[-0.03691634]]
-0.2337,0.0742,0.4061,0.158650429006,[[-0.23442349]],[[ 0.07174632]],[[ 0.42972919]],[[-0.09365727]],[[ 0.04160386]],[[-0.29762966]],[[ 0.]],[[ 0.]],[[ 3.28080755]],[[ 1.1335018]],[[-0.]],[[ 65.0016886]],[[ 0.23442349]],[[-0.07174632]],[[-0.02972919]]
-0.2337,0.0742,0.4061,0.158650429006,[[-0.23490343]],[[ 0.07272286]],[[ 0.42346837]],[[-0.09335464]],[[ 0.04197531]],[[-0.31656923]],[[ 0.]],[[ 0.]],[[ 3.28258071]],[[ 1.14698168]],[[-0.]],[[ 65.40942773]],[[ 0.23490343]],[[-0.07272286]],[[-0.02346837]]
-0.2337,0.0742,0.4061,0.158650429006,[[-0.23524921]],[[ 0.07343344]],[[ 0.41804396]],[[-0.09296712]],[[ 0.04216706]],[[-0.32959367]],[[ 0.]],[[ 0.]],[[ 3.28216332]],[[ 1.156005]],[[-0.]],[[ 65.74577055]],[[ 0.23524921]],[[-0.07343344]],[[-0.01804396]]
-0.2337,0.0742,0.4061,0.158650429006,[[-0.23549714]],[[ 0.07394996]],[[ 0.41337268]],[[-0.09251993]],[[ 0.04222928]],[[-0.33752426]],[[ 0.]],[[ 0.]],[[ 3.28017075]],[[ 1.1617924]],[[-0.]],[[ 66.01898715]],[[ 0.23549714]],[[-0.07394996]],[[-0.01337268]]
-0.2378,0.0803,0.3564,0.117984257435,[[-0.23680119]],[[ 0.07600235]],[[ 0.40147358]],[[-0.09276718]],[[ 0.04329313]],[[-0.38667534]],[[ 0.]],[[ 0.]],[[ 3.29568369]],[[ 1.19295476]],[[-0.]],[[ 66.8596976]],[[ 0.23680119]],[[-0.07600235]],[[-0.00147358]]
-0.2378,0.0803,0.3564,0.117984257435,[[-0.23774842]],[[ 0.07749796]],[[ 0.39105351]],[[-0.09277988]],[[ 0.04398318]],[[-0.42446372]],[[ 0.]],[[ 0.]],[[ 3.30528303]],[[ 1.21481138]],[[-0.]],[[ 67.56964314]],[[ 0.23774842]],[[-0.07749796]],[[ 0.00894649]]
-0.2378,0.0803,0.3564,0.117984257435,[[-0.23843531]],[[ 0.07858726]],[[ 0.3819728]],[[-0.09262422]],[[ 0.04440282]],[[-0.45234992]],[[ 0.]],[[ 0.]],[[ 3.31059533]],[[ 1.22990085]],[[-0.]],[[ 68.16310943]],[[ 0.23843531]],[[-0.07858726]],[[ 0.0180272]]
-0.2378,0.0803,0.3564,0.117984257435,[[-0.23893225]],[[ 0.07938009]],[[ 0.37410173]],[[-0.09234822]],[[ 0.04462707]],[[-0.471653]],[[ 0.]],[[ 0.]],[[ 3.31280466]],[[ 1.24007153]],[[-0.]],[[ 68.65317842]],[[ 0.23893225]],[[-0.07938009]],[[ 0.02589827]]
-0.2378,0.0803,0.3564,0.117984257435,[[-0.23929062]],[[ 0.07995656]],[[ 0.3673201]],[[-0.09198668]],[[ 0.04471037]],[[-0.48356097]],[[ 0.]],[[ 0.]],[[ 3.31277294]],[[ 1.24666927]],[[-0.]],[[ 69.05179972]],[[ 0.23929062]],[[-0.07995656]],[[ 0.0326799]]
-0.2378,0.0803,0.3564,0.117984257435,[[-0.23954791]],[[ 0.08037517]],[[ 0.36151685]],[[-0.09156484]],[[ 0.04469223]],[[-0.48914071]],[[ 0.]],[[ 0.]],[[ 3.31112752]],[[ 1.25067395]],[[-0.]],[[ 69.36986118]],[[ 0.23954791]],[[-0.08037517]],[[ 0.03848315]]
-0.2413,0.0882,0.2697,0.14835298642,[[-0.24069345]],[[ 0.08284991]],[[ 0.34280127]],[[-0.0917105]],[[ 0.04597701]],[[-0.56885495]],[[ 0.]],[[ 0.]],[[ 3.32403954]],[[ 1.28826917]],[[-0.]],[[ 70.70421123]],[[ 0.24069345]],[[-0.08284991]],[[ 0.05719873]]
-0.2413,0.0882,0.2697,0.14835298642,[[-0.24152521]],[[ 0.08465367]],[[ 0.32639175]],[[-0.09165668]],[[ 0.04682446]],[[-0.63067521]],[[ 0.]],[[ 0.]],[[ 3.33181892]],[[ 1.31478126]],[[-0.]],[[ 71.83378846]],[[ 0.24152521]],[[-0.08465367]],[[ 0.07360825]]
-0.2413,0.0882,0.2697,0.14835298642,[[-0.24212801]],[[ 0.08596778]],[[ 0.31207203]],[[-0.09145978]],[[ 0.04735528]],[[-0.67688035]],[[ 0.]],[[ 0.]],[[ 3.33587792]],[[ 1.33323067]],[[-0.]],[[ 72.78080018]],[[ 0.24212801]],[[-0.08596778]],[[ 0.08792797]]
-0.2413,0.0882,0.2697,0.14835298642,[[-0.24256377]],[[ 0.08692458]],[[ 0.29964108]],[[-0.0911607]],[[ 0.04765712]],[[-0.70952999]],[[ 0.]],[[ 0.]],[[ 3.33724477]],[[ 1.345817]],[[-0.]],[[ 73.56559617]],[[ 0.24256377]],[[-0.08692458]],[[ 0.10035892]]
-0.2413,0.0882,0.2697,0.14835298642,[[-0.24287767]],[[ 0.08762065]],[[ 0.2889125]],[[-0.09078913]],[[ 0.04779357]],[[-0.73048052]],[[ 0.]],[[ 0.]],[[ 3.33666803]],[[ 1.35414212]],[[-0.]],[[ 74.20677746]],[[ 0.24287767]],[[-0.08762065]],[[ 0.1110875]]
-0.2413,0.0882,0.2697,0.14835298642,[[-0.24310269]],[[ 0.08812644]],[[ 0.27971396]],[[-0.09036658]],[[ 0.04781081]],[[-0.74140037]],[[ 0.]],[[ 0.]],[[ 3.33469264]],[[ 1.35937252]],[[-0.]],[[ 74.7213039]],[[ 0.24310269]],[[-0.08812644]],[[ 0.12028604]]
-0.2394,0.0883,0.2694,0.151843644924,[[-0.24274091]],[[ 0.08852089]],[[ 0.27183876]],[[-0.08958715]],[[ 0.04775928]],[[-0.74405975]],[[ 0.]],[[ 0.]],[[ 3.32328066]],[[ 1.36280162]],[[-0.]],[[ 75.12836067]],[[ 0.24274091]],[[-0.08852089]],[[ 0.12816124]]
-0.2394,0.0883,0.2694,0.151843644924,[[-0.24247296]],[[ 0.08880661]],[[ 0.26519363]],[[-0.0888736]],[[ 0.04764164]],[[-0.73947286]],[[ 0.]],[[ 0.]],[[ 3.31346556]],[[ 1.36448248]],[[-0.]],[[ 75.43768279]],[[ 0.24247296]],[[-0.08880661]],[[ 0.13480637]]
-0.2394,0.0883,0.2694,0.151843644924,[[-0.24227352]],[[ 0.08901302]],[[ 0.25964388]],[[-0.08820944]],[[ 0.04747684]],[[-0.72883417]],[[ 0.]],[[ 0.]],[[ 3.30482965]],[[ 1.36489855]],[[-0.]],[[ 75.66197685]],[[ 0.24227352]],[[-0.08901302]],[[ 0.14035612]]
-0.2394,0.0883,0.2694,0.151843644924,[[-0.24212412]],[[ 0.08916155]],[[ 0.2550662]],[[-0.08758272]],[[ 0.04727863]],[[-0.71320369]],[[ 0.]],[[ 0.]],[[ 3.29706845]],[[ 1.36440181]],[[-0.]],[[ 75.8127084]],[[ 0.24212412]],[[-0.08916155]],[[ 0.1449338]]
-0.2394,0.0883,0.2694,0.151843644924,[[-0.24201129]],[[ 0.08926789]],[[ 0.25134798]],[[-0.0869847]],[[ 0.04705697]],[[-0.69351862]],[[ 0.]],[[ 0.]],[[ 3.28995989]],[[ 1.36324855]],[[-0.]],[[ 75.90019418]],[[ 0.24201129]],[[-0.08926789]],[[ 0.14865202]]
-0.2358,0.101,0.1764,0.111352006277,[[-0.24093656]],[[ 0.09283102]],[[ 0.23359639]],[[-0.0858137]],[[ 0.04891929]],[[-0.75588918]],[[ 0.]],[[ 0.]],[[ 3.2675026]],[[ 1.41750309]],[[-0.]],[[ 77.09962632]],[[ 0.24093656]],[[-0.09283102]],[[ 0.16640361]]
-0.2358,0.101,0.1764,0.111352006277,[[-0.2401486]],[[ 0.09542903]],[[ 0.21814341]],[[-0.08482678]],[[ 0.05018362]],[[-0.80140883]],[[ 0.]],[[ 0.]],[[ 3.24975383]],[[ 1.45612646]],[[-0.]],[[ 78.09987365]],[[ 0.2401486]],[[-0.09542903]],[[ 0.18185659]]
-0.2358,0.101,0.1764,0.111352006277,[[-0.23956995]],[[ 0.09732271]],[[ 0.20476519]],[[-0.08397501]],[[ 0.05101445]],[[-0.83234002]],[[ 0.]],[[ 0.]],[[ 3.23544963]],[[ 1.48337165]],[[-0.]],[[ 78.92344081]],[[ 0.23956995]],[[-0.09732271]],[[ 0.19523481]]
-0.2358,0.101,0.1764,0.111352006277,[[-0.23914409]],[[ 0.09870241]],[[ 0.19325444]],[[-0.08322281]],[[ 0.05153127]],[[-0.85071917]],[[ 0.]],[[ 0.]],[[ 3.22366898]],[[ 1.50233672]],[[-0.]],[[ 79.59087364]],[[ 0.23914409]],[[-0.09870241]],[[ 0.20674556]]
-0.2358,0.101,0.1764,0.111352006277,[[-0.23882978]],[[ 0.09970702]],[[ 0.18341975]],[[-0.0825443]],[[ 0.05182083]],[[-0.85837395]],[[ 0.]],[[ 0.]],[[ 3.21374073]],[[ 1.51527842]],[[-0.]],80,[[ 0.23882978]],[[-0.09970702]],[[ 0.21658025]]
-0.2358,0.101,0.1764,0.111352006277,[[-0.2385969]],[[ 0.10043791]],[[ 0.17508474]],[[-0.08192067]],[[ 0.05194616]],[[-0.8569397]],[[ 0.]],[[ 0.]],[[ 3.20517572]],[[ 1.52384068]],[[-0.]],80,[[ 0.2385969]],[[-0.10043791]],[[ 0.22491526]]
-0.2358,0.101,0.1764,0.111352006277,[[-0.2384235]],[[ 0.10096907]],[[ 0.16808735]],[[-0.08133824]],[[ 0.05195302]],[[-0.84787506]],[[ 0.]],[[ 0.]],[[ 3.19761738]],[[ 1.52922096]],[[-0.]],80,[[ 0.2384235]],[[-0.10096907]],[[ 0.23191265]]
-0.2402,0.105,0.0946,0.111352006277,[[-0.23950124]],[[ 0.1024524]],[[ 0.14926997]],[[-0.0814927]],[[ 0.05251617]],[[-0.90749064]],[[ 0.]],[[ 0.]],[[ 3.20993937]],[[ 1.54968579]],[[-0.]],80,[[ 0.23950124]],[[-0.1024524]],[[ 0.25073003]]
-0.2402,0.105,0.0946,0.111352006277,[[-0.24028428]],[[ 0.10353264]],[[ 0.13294386]],[[-0.08147415]],[[ 0.05283915]],[[-0.94930321]],[[ 0.]],[[ 0.]],[[ 3.21758431]],[[ 1.56371797]],[[-0.]],80,[[ 0.24028428]],[[-0.10353264]],[[ 0.26705614]]
-0.2402,0.105,0.0946,0.111352006277,[[-0.24085229]],[[ 0.10431872]],[[ 0.11886254]],[[-0.08133118]],[[ 0.05298848]],[[-0.97576061]],[[ 0.]],[[ 0.]],[[ 3.22183474]],[[ 1.57307201]],[[-0.]],80,[[ 0.24085229]],[[-0.10431872]],[[ 0.28113746]]
-0.2402,0.105,0.0946,0.111352006277,[[-0.24126341]],[[ 0.10489015]],[[ 0.10679815]],[[-0.08109908]],[[ 0.05301245]],[[-0.98906224]],[[ 0.]],[[ 0.]],[[ 3.2236249]],[[ 1.57902605]],[[-0.]],80,[[ 0.24126341]],[[-0.10489015]],[[ 0.29320185]]
-0.2402,0.105,0.0946,0.111352006277,[[-0.24156005]],[[ 0.10530495]],[[ 0.09654055]],[[-0.08080347]],[[ 0.05294617]],[[-0.99117834]],[[ 0.]],[[ 0.]],[[ 3.22363528]],[[ 1.58251122]],[[-0.]],80,[[ 0.24156005]],[[-0.10530495]],[[ 0.30345945]]
-0.2353,0.1118,0.0357,0.117111592809,[[-0.24042869]],[[ 0.1074713]],[[ 0.07852932]],[[-0.07969336]],[[ 0.05388312]],[[-1.03788213]],[[ 0.]],[[ 0.]],[[ 3.20122052]],[[ 1.61354421]],[[-0.]],80,[[ 0.24042869]],[[-0.1074713]],[[ 0.32147068]]
-0.2353,0.1118,0.0357,0.117111592809,[[-0.23959981]],[[ 0.10904996]],[[ 0.06298974]],[[-0.07876648]],[[ 0.05447593]],[[-1.06764058]],[[ 0.]],[[ 0.]],[[ 3.1836629]],[[ 1.63525888]],[[-0.]],80,[[ 0.23959981]],[[-0.10904996]],[[ 0.33701026]]
-0.2353,0.1118,0.0357,0.117111592809,[[-0.2389917]],[[ 0.11019975]],[[ 0.04967123]],[[-0.07797393]],[[ 0.05481948]],[[-1.0828757]],[[ 0.]],[[ 0.]],[[ 3.16965636]],[[ 1.65019224]],[[-0.]],80,[[ 0.2389917]],[[-0.11019975]],[[ 0.35032877]]
-0.2353,0.1118,0.0357,0.117111592809,[[-0.23854476]],[[ 0.11103656]],[[ 0.03834271]],[[-0.07728015]],[[ 0.05498271]],[[-1.08575748]],[[ 0.]],[[ 0.]],[[ 3.15824908]],[[ 1.66019274]],[[-0.]],80,[[ 0.23854476]],[[-0.11103656]],[[ 0.36165729]]
-0.2353,0.1118,0.0357,0.117111592809,[[-0.23821547]],[[ 0.11164499]],[[ 0.02879159]],[[-0.07665927]],[[ 0.05501573]],[[-1.07822411]],[[ 0.]],[[ 0.]],[[ 3.14874737]],[[ 1.66660711]],[[-0.]],80,[[ 0.23821547]],[[-0.11164499]],[[ 0.37120841]]
-0.2353,0.1118,0.0357,0.117111592809,[[-0.23797206]],[[ 0.11208675]],[[ 0.02082278]],[[-0.0760925]],[[ 0.0549549]],[[-1.06200105]],[[ 0.]],[[ 0.]],[[ 3.14064556]],[[ 1.67041656]],[[-0.]],80,[[ 0.23797206]],[[-0.11208675]],[[ 0.37917722]]
-0.2276,0.1197,0.0541,0.127059969545,[[-0.23567935]],[[ 0.11457378]],[[ 0.01718395]],[[-0.07438555]],[[ 0.05603793]],[[-1.02174546]],[[ 0.]],[[ 0.]],[[ 3.10064902]],[[ 1.70611716]],[[-0.]],80,[[ 0.23567935]],[[-0.11457378]],[[ 0.38281605]]
-0.2276,0.1197,0.0541,0.127059969545,[[-0.23400325]],[[ 0.11638644]],[[ 0.01446237]],[[-0.07303803]],[[ 0.05673525]],[[-0.97852208]],[[ 0.]],[[ 0.]],[[ 3.07041285]],[[ 1.73121689]],[[-0.]],80,[[ 0.23400325]],[[-0.11638644]],[[ 0.38553763]]
-0.2276,0.1197,0.0541,0.127059969545,[[-0.2327772]],[[ 0.11770695]],[[ 0.0125371]],[[-0.07195276]],[[ 0.05715304]],[[-0.93319927]],[[ 0.]],[[ 0.]],[[ 3.04729964]],[[ 1.74859993]],[[-0.]],80,[[ 0.2327772]],[[-0.11770695]],[[ 0.3874629]]
-0.2276,0.1197,0.0541,0.127059969545,[[-0.23187961]],[[ 0.11866832]],[[ 0.01129917]],[[-0.07105912]],[[ 0.05736847]],[[-0.88652654]],[[ 0.]],[[ 0.]],[[ 3.02938736]],[[ 1.76036788]],[[-0.]],80,[[ 0.23187961]],[[-0.11866832]],[[ 0.38870083]]
-0.2276,0.1197,0.0541,0.127059969545,[[-0.23122177]],[[ 0.1193676]],[[ 0.01065061]],[[-0.07030575]],[[ 0.05743761]],[[-0.83914658]],[[ 0.]],[[ 0.]],[[ 3.01527521]],[[ 1.7680521]],[[-0.]],80,[[ 0.23122177]],[[-0.1193676]],[[ 0.38934939]]
-0.2232,0.1248,0.0875,0.0822050077689,[[-0.22953241]],[[ 0.12127408]],[[ 0.01581541]],[[-0.06899355]],[[ 0.05816825]],[[-0.76097717]],[[ 0.]],[[ 0.]],[[ 2.98525956]],[[ 1.79442338]],[[-0.]],80,[[ 0.22953241]],[[-0.12127408]],[[ 0.38418459]]
-0.2232,0.1248,0.0875,0.0822050077689,[[-0.22829687]],[[ 0.12266305]],[[ 0.0208162]],[[-0.06794136]],[[ 0.0586094]],[[-0.68826094]],[[ 0.]],[[ 0.]],[[ 2.96238233]],[[ 1.81272452]],[[-0.]],80,[[ 0.22829687]],[[-0.12266305]],[[ 0.3791838]]
-0.2232,0.1248,0.0875,0.0822050077689,[[-0.22739255]],[[ 0.12367436]],[[ 0.02563321]],[[-0.06707912]],[[ 0.0588409]],[[-0.62079749]],[[ 0.]],[[ 0.]],[[ 2.9447167]],[[ 1.82515257]],[[-0.]],80,[[ 0.22739255]],[[-0.12367436]],[[ 0.37436679]]
-0.2232,0.1248,0.0875,0.0822050077689,[[-0.22673]],[[ 0.12441006]],[[ 0.03025149]],[[-0.06635584]],[[ 0.0589208]],[[-0.5583701]],[[ 0.]],[[ 0.]],[[ 2.93085832]],[[ 1.83330853]],[[-0.]],80,[[ 0.22673]],[[-0.12441006]],[[ 0.36974851]]
-0.2232,0.1248,0.0875,0.0822050077689,[[-0.2262439]],[[ 0.12494464]],[[ 0.0346603]],[[-0.06573446]],[[ 0.05889127]],[[-0.50075035]],[[ 0.]],[[ 0.]],[[ 2.9197836]],[[ 1.83835908]],[[-0.]],80,[[ 0.2262439]],[[-0.12494464]],[[ 0.3653397]]
-0.2232,0.1248,0.0875,0.0822050077689,[[-0.22588661]],[[ 0.12533246]],[[ 0.03885251]],[[-0.06518804]],[[ 0.05878298]],[[-0.44770206]],[[ 0.]],[[ 0.]],[[ 2.91074645]],[[ 1.84115434]],[[-0.]],80,[[ 0.22588661]],[[-0.12533246]],[[ 0.36114749]]
-0.2209,0.1345,0.1174,0.0235619449019,[[-0.22499287]],[[ 0.12827215]],[[ 0.04757928]],[[-0.06435863]],[[ 0.06004503]],[[-0.37156513]],[[ 0.]],[[ 0.]],[[ 2.893515]],[[ 1.8831718]],[[-0.]],80,[[ 0.22499287]],[[-0.12827215]],[[ 0.35242072]]
-0.2209,0.1345,0.1174,0.0235619449019,[[-0.22433817]],[[ 0.1304151]],[[ 0.05555847]],[[-0.06366441]],[[ 0.06086983]],[[-0.30412922]],[[ 0.]],[[ 0.]],[[ 2.88002586]],[[ 1.91284925]],[[-0.]],80,[[ 0.22433817]],[[-0.1304151]],[[ 0.34444153]]
-0.2209,0.1345,0.1174,0.0235619449019,[[-0.22385795]],[[ 0.13197659]],[[ 0.0628358]],[[-0.06306931]],[[ 0.06137751]],[[-0.24462898]],[[ 0.]],[[ 0.]],[[ 2.86927257]],[[ 1.93354099]],[[-0.]],80,[[ 0.22385795]],[[-0.13197659]],[[ 0.3371642]]
-0.2209,0.1345,0.1174,0.0235619449019,[[-0.22350508]],[[ 0.13311375]],[[ 0.06945617]],[[-0.06254707]],[[ 0.06165541]],[[-0.19234799]],[[ 0.]],[[ 0.]],[[ 2.86052145]],[[ 1.94769163]],[[-0.]],80,[[ 0.22350508]],[[-0.13311375]],[[ 0.33054383]]
-0.2209,0.1345,0.1174,0.0235619449019,[[-0.22324518]],[[ 0.13394125]],[[ 0.07546332]],[[-0.06207859]],[[ 0.06176703]],[[-0.14661759]],[[ 0.]],[[ 0.]],[[ 2.85323767]],[[ 1.95708278]],[[-0.]],80,[[ 0.22324518]],[[-0.13394125]],[[ 0.32453668]]
-0.2209,0.1345,0.1174,0.0235619449019,[[-0.22305314]],[[ 0.13454277]],[[ 0.08089971]],[[-0.06164999]],[[ 0.06175851]],[[-0.10681537]],[[ 0.]],[[ 0.]],[[ 2.84703131]],[[ 1.96301287]],[[-0.]],80,[[ 0.22305314]],[[-0.13454277]],[[ 0.31910029]]
-0.2209,0.1345,0.1174,0.0235619449019,[[-0.22291066]],[[ 0.1349794]],[[ 0.08580625]],[[-0.06125114]],[[ 0.06166342]],[[-0.07236355]],[[ 0.]],[[ 0.]],[[ 2.84161807]],[[ 1.96642815]],[[-0.]],80,[[ 0.22291066]],[[-0.1349794]],[[ 0.31419375]]
-0.2211,0.1402,0.1168,0.0411897703471,[[-0.22285917]],[[ 0.13685762]],[[ 0.09012678]],[[-0.0609034]],[[ 0.06232413]],[[-0.04327739]],[[ 0.]],[[ 0.]],[[ 2.83762567]],[[ 1.9918175]],[[-0.]],80,[[ 0.22285917]],[[-0.13685762]],[[ 0.30987322]]
-0.2211,0.1402,0.1168,0.0411897703471,[[-0.2228193]],[[ 0.13822593]],[[ 0.0940048]],[[-0.0605647]],[[ 0.06271302]],[[-0.01842007]],[[ 0.]],[[ 0.]],[[ 2.83383996]],[[ 2.00938946]],[[-0.]],80,[[ 0.2228193]],[[-0.13822593]],[[ 0.3059952]]
-0.2211,0.1402,0.1168,0.0411897703471,[[-0.22278792]],[[ 0.13922212]],[[ 0.09747513]],[[-0.06023332]],[[ 0.062905]],[[ 0.00265299]],[[ 0.]],[[ 0.]],[[ 2.83021239]],[[ 2.02127115]],[[-0.]],80,[[ 0.22278792]],[[-0.13922212]],[[ 0.30252487]]
-0.2211,0.1402,0.1168,0.0411897703471,[[-0.22276276]],[[ 0.13994674]],[[ 0.10057076]],[[-0.05990799]],[[ 0.06295455]],[[ 0.02035038]],[[ 0.]],[[ 0.]],[[ 2.82670748]],[[ 2.02901292]],[[-0.]],[[ 79.86970989]],[[ 0.22276276]],[[-0.13994674]],[[ 0.29942924]]
-0.2211,0.1402,0.1168,0.0411897703471,[[-0.22274217]],[[ 0.14047319]],[[ 0.10332292]],[[-0.05958776]],[[ 0.06290128]],[[ 0.03504664]],[[ 0.]],[[ 0.]],[[ 2.82329929]],[[ 2.03374474]],[[-0.]],[[ 79.65862094]],[[ 0.22274217]],[[-0.14047319]],[[ 0.29667708]]
-0.2171,0.142,0.1599,0.0249582083035,[[-0.22162909]],[[ 0.14134816]],[[ 0.11261537]],[[-0.05870754]],[[ 0.06302796]],[[ 0.08660878]],[[ 0.]],[[ 0.]],[[ 2.8033663]],[[ 2.04376126]],[[-0.]],[[ 78.93618747]],[[ 0.22162909]],[[-0.14134816]],[[ 0.28738463]]
-0.2171,0.142,0.1599,0.0249582083035,[[-0.22081462]],[[ 0.14198435]],[[ 0.12086362]],[[-0.05798801]],[[ 0.06303099]],[[ 0.12917651]],[[ 0.]],[[ 0.]],[[ 2.78802627]],[[ 2.05015343]],[[-0.]],[[ 78.31093627]],[[ 0.22081462]],[[-0.14198435]],[[ 0.27913638]]
-0.2171,0.142,0.1599,0.0249582083035,[[-0.2202181]],[[ 0.14244628]],[[ 0.1281581]],[[-0.05738601]],[[ 0.06294483]],[[ 0.16378989]],[[ 0.]],[[ 0.]],[[ 2.77604111]],[[ 2.05391116]],[[-0.]],[[ 77.77314579]],[[ 0.2202181]],[[-0.14244628]],[[ 0.2718419]]
-0.2171,0.142,0.1599,0.0249582083035,[[-0.21978066]],[[ 0.14278107]],[[ 0.13458358]],[[-0.05687017]],[[ 0.06279453]],[[ 0.19139651]],[[ 0.]],[[ 0.]],[[ 2.76650823]],[[ 2.05575597]],[[-0.]],[[ 77.3138385]],[[ 0.21978066]],[[-0.14278107]],[[ 0.26541642]]
-0.2171,0.142,0.1599,0.0249582083035,[[-0.21945934]],[[ 0.14302307]],[[ 0.14021935]],[[-0.05641763]],[[ 0.06259829]],[[ 0.21285754]],[[ 0.]],[[ 0.]],[[ 2.75876961]],[[ 2.05621368]],[[-0.]],[[ 76.92474487]],[[ 0.21945934]],[[-0.14302307]],[[ 0.25978065]]
-0.2086,0.1533,0.216,0.0249582083035,[[-0.21689466]],[[ 0.14629241]],[[ 0.15406117]],[[-0.05483177]],[[ 0.06393807]],[[ 0.28039955]],[[ 0.]],[[ 0.]],[[ 2.71726436]],[[ 2.1023048]],[[-0.]],[[ 75.89494387]],[[ 0.21689466]],[[-0.14629241]],[[ 0.24593883]]
-0.2086,0.1533,0.216,0.0249582083035,[[-0.21502104]],[[ 0.14867594]],[[ 0.16626966]],[[-0.05360807]],[[ 0.06481932]],[[ 0.33462865]],[[ 0.]],[[ 0.]],[[ 2.68629103]],[[ 2.1349525]],[[-0.]],[[ 75.01337373]],[[ 0.21502104]],[[-0.14867594]],[[ 0.23373034]]
-0.2086,0.1533,0.216,0.0249582083035,[[-0.21365176]],[[ 0.15041301]],[[ 0.17699263]],[[-0.05264838]],[[ 0.06536776]],[[ 0.37716476]],[[ 0.]],[[ 0.]],[[ 2.66300138]],[[ 2.15780768]],[[-0.]],[[ 74.26454495]],[[ 0.21365176]],[[-0.15041301]],[[ 0.22300737]]
-0.2086,0.1533,0.216,0.0249582083035,[[-0.21265059]],[[ 0.1516783]],[[ 0.18636798]],[[-0.05188131]],[[ 0.06567486]],[[ 0.40947738]],[[ 0.]],[[ 0.]],[[ 2.645319]],[[ 2.17353164]],[[-0.]],[[ 73.6342141]],[[ 0.21265059]],[[-0.1516783]],[[ 0.21363202]]
-0.2086,0.1533,0.216,0.0249582083035,[[-0.21191808]],[[ 0.1525993]],[[ 0.19452406]],[[-0.05125494]],[[ 0.06580714]],[[ 0.4328961]],[[ 0.]],[[ 0.]],[[ 2.63173013]],[[ 2.1840644]],[[-0.]],[[ 73.10931628]],[[ 0.21191808]],[[-0.1525993]],[[ 0.20547594]]
-0.2031,0.1539,0.2521,0.0247836753783,[[-0.20987556]],[[ 0.15343335]],[[ 0.20732115]],[[-0.04997985]],[[ 0.06589496]],[[ 0.48172579]],[[ 0.]],[[ 0.]],[[ 2.59855402]],[[ 2.19328306]],[[-0.]],[[ 72.22531369]],[[ 0.20987556]],[[-0.15343335]],[[ 0.19267885]]
-0.2031,0.1539,0.2521,0.0247836753783,[[-0.20838318]],[[ 0.15403964]],[[ 0.21849369]],[[-0.04898868]],[[ 0.06586876]],[[ 0.51837223]],[[ 0.]],[[ 0.]],[[ 2.57371856]],[[ 2.19908403]],[[-0.]],[[ 71.48345437]],[[ 0.20838318]],[[-0.15403964]],[[ 0.18150631]]
-0.2031,0.1539,0.2521,0.0247836753783,[[-0.20729232]],[[ 0.15447973]],[[ 0.22819759]],[[-0.04820458]],[[ 0.06576033]],[[ 0.54443693]],[[ 0.]],[[ 0.]],[[ 2.55496898]],[[ 2.20240068]],[[-0.]],[[ 70.86793575]],[[ 0.20729232]],[[-0.15447973]],[[ 0.17180241]]
-0.2031,0.1539,0.2521,0.0247836753783,[[-0.20649451]],[[ 0.15479855]],[[ 0.23657743]],[[-0.04757164]],[[ 0.06559279]],[[ 0.56136371]],[[ 0.]],[[ 0.]],[[ 2.54066143]],[[ 2.20391339]],[[-0.]],[[ 70.36430983]],[[ 0.20649451]],[[-0.15479855]],[[ 0.16342257]]
-0.2031,0.1539,0.2521,0.0247836753783,[[-0.20591059]],[[ 0.15502887]],[[ 0.24376693]],[[-0.04704915]],[[ 0.06538293]],[[ 0.57045061]],[[ 0.]],[[ 0.]],[[ 2.52959741]],[[ 2.20411808]],[[-0.]],[[ 69.95940022]],[[ 0.20591059]],[[-0.15502887]],[[ 0.15623307]]
-0.2031,0.1539,0.2521,0.0247836753783,[[-0.20548278]],[[ 0.15519463]],[[ 0.24988947]],[[-0.04660753]],[[ 0.06514299]],[[ 0.57286111]],[[ 0.]],[[ 0.]],[[ 2.52090314]],[[ 2.20337621]],[[-0.]],[[ 69.6412208]],[[ 0.20548278]],[[-0.15519463]],[[ 0.15011053]]
-0.2031,0.1539,0.2521,0.00349065850399,[[-0.20516892]],[[ 0.15531329]],[[ 0.25505859]],[[-0.04622523]],[[ 0.06488183]],[[ 0.56963488]],[[ 0.]],[[ 0.]],[[ 2.5139415]],[[ 2.20195121]],[[-0.]],[[ 69.39889628]],[[ 0.20516892]],[[-0.15531329]],[[ 0.14494141]]
-0.2031,0.1539,0.2521,0.00349065850399,[[-0.20493824]],[[ 0.15539758]],[[ 0.2593785]],[[-0.04588655]],[[ 0.06460592]],[[ 0.56169795]],[[ 0.]],[[ 0.]],[[ 2.50824795]],[[ 2.20003506]],[[-0.]],[[ 69.2225853]],[[ 0.20493824]],[[-0.15539758]],[[ 0.1406215]]
-0.2031,0.1539,0.2521,0.00349065850399,[[-0.20476828]],[[ 0.15545682]],[[ 0.26294465]],[[-0.0455801]],[[ 0.06431994]],[[ 0.54987226]],[[ 0.]],[[ 0.]],[[ 2.50348375]],[[ 2.19776764]],[[-0.]],[[ 69.10340627]],[[ 0.20476828]],[[-0.15545682]],[[ 0.13705535]]
-0.2031,0.1539,0.2521,0.00349065850399,[[-0.20464264]],[[ 0.15549779]],[[ 0.26584421]],[[-0.04529755]],[[ 0.06402729]],[[ 0.53488471]],[[ 0.]],[[ 0.]],[[ 2.49940188]],[[ 2.19525083]],[[-0.]],[[ 69.03336613]],[[ 0.20464264]],[[-0.15549779]],[[ 0.13415579]]
-0.2031,0.1539,0.2521,0.00349065850399,[[-0.20454936]],[[ 0.15552544]],[[ 0.26815659]],[[-0.04503286]],[[ 0.06373044]],[[ 0.51737559]],[[ 0.]],[[ 0.]],[[ 2.49582217]],[[ 2.19255885]],[[-0.]],[[ 69.00529239]],[[ 0.20454936]],[[-0.15552544]],[[ 0.13184341]]
-0.2031,0.1539,0.2521,0.00349065850399,[[-0.20447971]],[[ 0.15554339]],[[ 0.26995399]],[[-0.04478162]],[[ 0.06343118]],[[ 0.49790647]],[[ 0.]],[[ 0.]],[[ 2.49261324]],[[ 2.18974573]],[[-0.]],[[ 69.01276838]],[[ 0.20447971]],[[-0.15554339]],[[ 0.13004601]]
-0.1943,0.1615,0.3179,-0.0198967534727,[[-0.20201869]],[[ 0.15763446]],[[ 0.28176629]],[[-0.04338007]],[[ 0.06413308]],[[ 0.53730895]],[[ 0.]],[[ 0.]],[[ 2.45398755]],[[ 2.21767539]],[[-0.]],[[ 68.22514073]],[[ 0.20201869]],[[-0.15763446]],[[ 0.11823371]]
-0.1943,0.1615,0.3179,-0.0198967534727,[[-0.20022117]],[[ 0.15915825]],[[ 0.29203139]],[[-0.04230797]],[[ 0.06455708]],[[ 0.56551772]],[[ 0.]],[[ 0.]],[[ 2.42529136]],[[ 2.23715332]],[[-0.]],[[ 67.57084197]],[[ 0.20022117]],[[-0.15915825]],[[ 0.10796861]]
-0.1943,0.1615,0.3179,-0.0198967534727,[[-0.19890791]],[[ 0.16026804]],[[ 0.30090121]],[[-0.041476]],[[ 0.06477952]],[[ 0.58405428]],[[ 0.]],[[ 0.]],[[ 2.4038391]],[[ 2.25047558]],[[-0.]],[[ 67.03466834]],[[ 0.19890791]],[[-0.16026804]],[[ 0.09909879]]
-0.1943,0.1615,0.3179,-0.0198967534727,[[-0.19794807]],[[ 0.16107571]],[[ 0.3085163]],[[-0.04081919]],[[ 0.06485591]],[[ 0.59428686]],[[ 0.]],[[ 0.]],[[ 2.3876726]],[[ 2.25931617]],[[-0.]],[[ 66.60275078]],[[ 0.19794807]],[[-0.16107571]],[[ 0.0914837]]
-0.1943,0.1615,0.3179,-0.0198967534727,[[-0.1972462]],[[ 0.16166289]],[[ 0.31500638]],[[-0.04029022]],[[ 0.06482666]],[[ 0.59744224]],[[ 0.]],[[ 0.]],[[ 2.37536411]],[[ 2.26489554]],[[-0.]],[[ 66.26246981]],[[ 0.1972462]],[[-0.16166289]],[[ 0.08499362]]
-0.182,0.1714,0.3697,-0.0202458193231,[[-0.19336659]],[[ 0.1647984]],[[ 0.32872885]],[[-0.03825506]],[[ 0.06600866]],[[ 0.64211977]],[[ 0.]],[[ 0.]],[[ 2.31621652]],[[ 2.30807055]],[[-0.]],[[ 65.35295865]],[[ 0.19336659]],[[-0.1647984]],[[ 0.07127115]]
-0.182,0.1714,0.3697,-0.0202458193231,[[-0.190534]],[[ 0.16708437]],[[ 0.34064469]],[[-0.03673127]],[[ 0.06677923]],[[ 0.67380352]],[[ 0.]],[[ 0.]],[[ 2.27265274]],[[ 2.33863608]],[[-0.]],[[ 64.59874781]],[[ 0.190534]],[[-0.16708437]],[[ 0.05935531]]
-0.182,0.1714,0.3697,-0.0202458193231,[[-0.18846557]],[[ 0.16875036]],[[ 0.35093195]],[[-0.03557996]],[[ 0.06725105]],[[ 0.69426938]],[[ 0.]],[[ 0.]],[[ 2.24045525]],[[ 2.36001408]],[[-0.]],[[ 63.98205557]],[[ 0.18846557]],[[-0.16875036]],[[ 0.04906805]]
-0.182,0.1714,0.3697,-0.0202458193231,[[-0.18695484]],[[ 0.16996387]],[[ 0.35975529]],[[-0.03470005]],[[ 0.06750609]],[[ 0.70511372]],[[ 0.]],[[ 0.]],[[ 2.21654887]],[[ 2.37469958]],[[-0.]],[[ 63.48666701]],[[ 0.18695484]],[[-0.16996387]],[[ 0.04024471]]
-0.182,0.1714,0.3697,-0.0202458193231,[[-0.18585115]],[[ 0.17084717]],[[ 0.3672666]],[[-0.03401798]],[[ 0.067604]],[[ 0.70776725]],[[ 0.]],[[ 0.]],[[ 2.19869127]],[[ 2.38451173]],[[-0.]],[[ 63.09783355]],[[ 0.18585115]],[[-0.17084717]],[[ 0.0327334]]
-0.1799,0.1785,0.3691,-0.00785398163397,[[-0.18446995]],[[ 0.17343214]],[[ 0.37351025]],[[-0.03321077]],[[ 0.06849916]],[[ 0.70295803]],[[ 0.]],[[ 0.]],[[ 2.17680718]],[[ 2.419313]],[[-0.]],[[ 62.80969714]],[[ 0.18446995]],[[-0.17343214]],[[ 0.02648975]]
-0.1799,0.1785,0.3691,-0.00785398163397,[[-0.18346084]],[[ 0.17531629]],[[ 0.3787205]],[[-0.03258347]],[[ 0.06906002]],[[ 0.69246723]],[[ 0.]],[[ 0.]],[[ 2.16044313]],[[ 2.44376314]],[[-0.]],[[ 62.60163873]],[[ 0.18346084]],[[-0.17531629]],[[ 0.0212795]]
-0.1799,0.1785,0.3691,-0.00785398163397,[[-0.18272331]],[[ 0.17668899]],[[ 0.38301392]],[[-0.03208741]],[[ 0.06937822]],[[ 0.67729462]],[[ 0.]],[[ 0.]],[[ 2.1481072]],[[ 2.46067208]],[[-0.]],[[ 62.4628311]],[[ 0.18272331]],[[-0.17668899]],[[ 0.01698608]]
-0.1799,0.1785,0.3691,-0.00785398163397,[[-0.18218399]],[[ 0.17768843]],[[ 0.38649693]],[[-0.03168716]],[[ 0.06952044]],[[ 0.65832391]],[[ 0.]],[[ 0.]],[[ 2.13871146]],[[ 2.47208866]],[[-0.]],[[ 62.3835339]],[[ 0.18218399]],[[-0.17768843]],[[ 0.01350307]]
-0.1799,0.1785,0.3691,-0.00785398163397,[[-0.18178933]],[[ 0.17841547]],[[ 0.38926649]],[[-0.03135693]],[[ 0.06953521]],[[ 0.63633309]],[[ 0.]],[[ 0.]],[[ 2.1314626]],[[ 2.47950681]],[[-0.]],[[ 62.3550101]],[[ 0.18178933]],[[-0.17841547]],[[ 0.01073351]]
-0.1799,0.1785,0.3691,-0.00785398163397,[[-0.18150026]],[[ 0.17894372]],[[ 0.39141066]],[[-0.03107795]],[[ 0.06945786]],[[ 0.61200415]],[[ 0.]],[[ 0.]],[[ 2.1257821]],[[ 2.48401577]],[[-0.]],[[ 62.36944651]],[[ 0.18150026]],[[-0.17894372]],[[ 0.00858934]]
-0.167,0.1803,0.4307,0.0116937059884,[[-0.17775937]],[[ 0.17981931]],[[ 0.40280577]],[[-0.02920703]],[[ 0.06954144]],[[ 0.64242178]],[[ 0.]],[[ 0.]],[[ 2.06966396]],[[ 2.49360755]],[[-0.]],[[ 61.64760262]],[[ 0.17775937]],[[-0.17981931]],[[-0.00280577]]
-0.167,0.1803,0.4307,0.0116937059884,[[-0.17502833]],[[ 0.18045599]],[[ 0.41264447]],[[-0.02781456]],[[ 0.06951439]],[[ 0.66211067]],[[ 0.]],[[ 0.]],[[ 2.02842886]],[[ 2.49970375]],[[-0.]],[[ 61.05722331]],[[ 0.17502833]],[[-0.18045599]],[[-0.01264447]]
-0.167,0.1803,0.4307,0.0116937059884,[[-0.17303432]],[[ 0.18091831]],[[ 0.42108405]],[[-0.02677059]],[[ 0.06940742]],[[ 0.67259651]],[[ 0.]],[[ 0.]],[[ 1.99804903]],[[ 2.50325728]],[[-0.]],[[ 60.58281517]],[[ 0.17303432]],[[-0.18091831]],[[-0.02108405]]
-0.167,0.1803,0.4307,0.0116937059884,[[-0.17157822]],[[ 0.18125341]],[[ 0.42826962]],[[-0.02598052]],[[ 0.06924288]],[[ 0.67524675]],[[ 0.]],[[ 0.]],[[ 1.97558736]],[[ 2.50496292]],[[-0.]],[[ 60.21028526]],[[ 0.17157822]],[[-0.18125341]],[[-0.02826962]]
-0.167,0.1803,0.4307,0.0116937059884,[[-0.17051471]],[[ 0.18149566]],[[ 0.43433472]],[[-0.02537549]],[[ 0.06903706]],[[ 0.67128322]],[[ 0.]],[[ 0.]],[[ 1.95890204]],[[ 2.50532724]],[[-0.]],60,[[ 0.17051471]],[[-0.18149566]],[[-0.03433472]]
-0.1544,0.1849,0.4833,-0.0127409035396,[[-0.16629144]],[[ 0.18292834]],[[ 0.44776717]],[[-0.02333357]],[[ 0.06937562]],[[ 0.71003047]],[[ 0.]],[[ 0.]],[[ 1.8962501]],[[ 2.52303967]],[[-0.]],60,[[ 0.16629144]],[[-0.18292834]],[[-0.04776717]]
-0.1544,0.1849,0.4833,-0.0127409035396,[[-0.16320857]],[[ 0.18397161]],[[ 0.45938923]],[[-0.02182474]],[[ 0.06953465]],[[ 0.73610428]],[[ 0.]],[[ 0.]],[[ 1.85033306]],[[ 2.53506262]],[[-0.]],60,[[ 0.16320857]],[[-0.18397161]],[[-0.05938923]]
-0.1544,0.1849,0.4833,-0.0127409035396,[[-0.16095799]],[[ 0.1847307]],[[ 0.46938226]],[[-0.02070416]],[[ 0.06956358]],[[ 0.75128106]],[[ 0.]],[[ 0.]],[[ 1.81662152]],[[ 2.54294273]],[[-0.]],60,[[ 0.16095799]],[[-0.1847307]],[[-0.06938226]]
-0.1544,0.1849,0.4833,-0.0127409035396,[[-0.15931486]],[[ 0.18528239]],[[ 0.47791367]],[[-0.01986639]],[[ 0.0694984]],[[ 0.75715465]],[[ 0.]],[[ 0.]],[[ 1.79181247]],[[ 2.54780782]],[[-0.]],60,[[ 0.15931486]],[[-0.18528239]],[[-0.07791367]]
-0.1544,0.1849,0.4833,-0.0127409035396,[[-0.15811507]],[[ 0.18568273]],[[ 0.4851377]],[[-0.01923465]],[[ 0.0693653]],[[ 0.75515071]],[[ 0.]],[[ 0.]],[[ 1.77349719]],[[ 2.55048024]],[[-0.]],60,[[ 0.15811507]],[[-0.18568273]],[[-0.0851377]]
-0.1544,0.1849,0.4833,-0.0127409035396,[[-0.15723883]],[[ 0.18597263]],[[ 0.49119599]],[[-0.01875308]],[[ 0.06918334]],[[ 0.74654042]],[[ 0.]],[[ 0.]],[[ 1.75991913]],[[ 2.55155966]],[[-0.]],60,[[ 0.15723883]],[[-0.18597263]],[[-0.09119599]]
-0.1544,0.1849,0.4833,-0.0127409035396,[[-0.15659875]],[[ 0.18618194]],[[ 0.4962184]],[[-0.01838097]],[[ 0.06896639]],[[ 0.73245338]],[[ 0.]],[[ 0.]],[[ 1.74979728]],[[ 2.55148329]],[[-0.]],60,[[ 0.15659875]],[[-0.18618194]],[[-0.0962184]]
-0.1425,0.194,0.5056,-0.0296705972839,[[-0.15287687]],[[ 0.18882093]],[[ 0.50387008]],[[-0.016629]],[[ 0.0698408]],[[ 0.7343398]],[[ 0.]],[[ 0.]],[[ 1.69505868]],[[ 2.58661723]],[[-0.]],60,[[ 0.15287687]],[[-0.18882093]],[[-0.10387008]]
-0.1425,0.194,0.5056,-0.0296705972839,[[-0.15016012]],[[ 0.19074458]],[[ 0.51032074]],[[-0.01533874]],[[ 0.07038913]],[[ 0.72919201]],[[ 0.]],[[ 0.]],[[ 1.65498862]],[[ 2.61133711]],[[-0.]],60,[[ 0.15016012]],[[-0.19074458]],[[-0.11032074]]
-0.1425,0.194,0.5056,-0.0296705972839,[[-0.14817696]],[[ 0.19214617]],[[ 0.51570223]],[[-0.01438476]],[[ 0.07070066]],[[ 0.7181759]],[[ 0.]],[[ 0.]],[[ 1.62561711]],[[ 2.62846829]],[[-0.]],60,[[ 0.14817696]],[[-0.19214617]],[[-0.11570223]]
-0.1425,0.194,0.5056,-0.0296705972839,[[-0.14672919]],[[ 0.19316676]],[[ 0.52013523]],[[-0.01367571]],[[ 0.07084036]],[[ 0.70232577]],[[ 0.]],[[ 0.]],[[ 1.60404894]],[[ 2.64007117]],[[-0.]],60,[[ 0.14672919]],[[-0.19316676]],[[-0.12013523]]
-0.1425,0.194,0.5056,-0.0296705972839,[[-0.14567217]],[[ 0.1939093]],[[ 0.52372994]],[[-0.0131451]],[[ 0.07085553]],[[ 0.68255574]],[[ 0.]],[[ 0.]],[[ 1.58817269]],[[ 2.64764827]],[[-0.]],60,[[ 0.14567217]],[[-0.1939093]],[[-0.12372994]]
-0.1425,0.194,0.5056,-0.0296705972839,[[-0.14490034]],[[ 0.19444892]],[[ 0.5265867]],[[-0.01274451]],[[ 0.07078061]],[[ 0.65967051]],[[ 0.]],[[ 0.]],[[ 1.57644852]],[[ 2.6522953]],[[-0.]],60,[[ 0.14490034]],[[-0.19444892]],[[-0.1265867]]
-0.1408,0.1984,0.5054,0.00488692190558,[[-0.14387185]],[[ 0.19604348]],[[ 0.52876488]],[[-0.01223302]],[[ 0.07117299]],[[ 0.63419197]],[[ 0.]],[[ 0.]],[[ 1.56104872]],[[ 2.67216473]],[[-0.]],60,[[ 0.14387185]],[[-0.19604348]],[[-0.12876488]]
-0.1408,0.1984,0.5054,0.00488692190558,[[-0.14312087]],[[ 0.19720491]],[[ 0.53038239]],[[-0.01184744]],[[ 0.07137154]],[[ 0.6069496]],[[ 0.]],[[ 0.]],[[ 1.54968318]],[[ 2.68576444]],[[-0.]],60,[[ 0.14312087]],[[-0.19720491]],[[-0.13038239]]
-0.1408,0.1984,0.5054,0.00488692190558,[[-0.14257243]],[[ 0.19805023]],[[ 0.53151355]],[[-0.01155364]],[[ 0.07142952]],[[ 0.57847373]],[[ 0.]],[[ 0.]],[[ 1.54126077]],[[ 2.69479746]],[[-0.]],60,[[ 0.14257243]],[[-0.19805023]],[[-0.13151355]]
-0.1408,0.1984,0.5054,0.00488692190558,[[-0.14217182]],[[ 0.19866487]],[[ 0.53222535]],[[-0.01132675]],[[ 0.07138571]],[[ 0.54922168]],[[ 0.]],[[ 0.]],[[ 1.5349857]],[[ 2.70050576]],[[-0.]],60,[[ 0.14217182]],[[-0.19866487]],[[-0.13222535]]
-0.1408,0.1984,0.5054,0.00488692190558,[[-0.14187908]],[[ 0.19911116]],[[ 0.53257795]],[[-0.01114868]],[[ 0.07126835]],[[ 0.51958513]],[[ 0.]],[[ 0.]],[[ 1.53027761]],[[ 2.70379506]],[[-0.]],60,[[ 0.14187908]],[[-0.19911116]],[[-0.13257795]]
-0.1408,0.1984,0.5054,0.00488692190558,[[-0.1416651]],[[ 0.19943459]],[[ 0.53262524]],[[-0.01100623]],[[ 0.07109799]],[[ 0.48989701]],[[ 0.]],[[ 0.]],[[ 1.52671323]],[[ 2.70532583]],[[-0.]],60,[[ 0.1416651]],[[-0.19943459]],[[-0.13262524]]
-0.1266,0.1987,0.5243,-0.00366519142919,[[-0.13762672]],[[ 0.1997504]],[[ 0.5354211]],[[-0.00919448]],[[ 0.0709254]],[[ 0.47776986]],[[ 0.]],[[ 0.]],[[ 1.46821198]],[[ 2.70675801]],[[-0.]],60,[[ 0.13762672]],[[-0.1997504]],[[-0.1354211]]
-0.1266,0.1987,0.5243,-0.00366519142919,[[-0.13467923]],[[ 0.19997863]],[[ 0.53767034]],[[-0.0078699]],[[ 0.07071577]],[[ 0.46319]],[[ 0.]],[[ 0.]],[[ 1.42549123]],[[ 2.70694401]],[[-0.]],60,[[ 0.13467923]],[[-0.19997863]],[[-0.13767034]]
-0.1266,0.1987,0.5243,-0.00366519142919,[[-0.1325279]],[[ 0.20014296]],[[ 0.53943925]],[[-0.00690011]],[[ 0.07047971]],[[ 0.4466812]],[[ 0.]],[[ 0.]],[[ 1.39428016]],[[ 2.70622669]],[[-0.]],60,[[ 0.1325279]],[[-0.20014296]],[[-0.13943925]]
-0.1266,0.1987,0.5243,-0.00366519142919,[[-0.13095765]],[[ 0.20026067]],[[ 0.54078802]],[[-0.00618874]],[[ 0.07022494]],[[ 0.42870162]],[[ 0.]],[[ 0.]],[[ 1.37146392]],[[ 2.70485604]],[[-0.]],60,[[ 0.13095765]],[[-0.20026067]],[[-0.14078802]]
-0.1266,0.1987,0.5243,-0.00366519142919,[[-0.12981149]],[[ 0.20034436]],[[ 0.54177108]],[[-0.00566559]],[[ 0.06995707]],[[ 0.40965005]],[[ 0.]],[[ 0.]],[[ 1.35477077]],[[ 2.70301435]],[[-0.]],60,[[ 0.12981149]],[[-0.20034436]],[[-0.14177108]]
-0.1266,0.1987,0.5243,-0.00366519142919,[[-0.12897484]],[[ 0.20040325]],[[ 0.54243759]],[[-0.00527954]],[[ 0.0696802]],[[ 0.38987168]],[[ 0.]],[[ 0.]],[[ 1.34254384]],[[ 2.70083448]],[[-0.]],60,[[ 0.12897484]],[[-0.20040325]],[[-0.14243759]]
-0.1266,0.1987,0.5243,-0.00366519142919,[[-0.12836409]],[[ 0.20044405]],[[ 0.54283176]],[[-0.00499338]],[[ 0.06939728]],[[ 0.36966347]],[[ 0.]],[[ 0.]],[[ 1.3335747]],[[ 2.69841332]],[[-0.]],60,[[ 0.12836409]],[[-0.20044405]],[[-0.14283176]]
-0.1266,0.1987,0.5243,-0.00366519142919,[[-0.12791821]],[[ 0.20047165]],[[ 0.54299331]],[[-0.00477999]],[[ 0.06911049]],[[ 0.34927911]],[[ 0.]],[[ 0.]],[[ 1.32698199]],[[ 2.69582146]],[[-0.]],60,[[ 0.12791821]],[[-0.20047165]],[[-0.14299331]]
-0.1266,0.1987,0.5243,-0.00366519142919,[[-0.12759266]],[[ 0.20048965]],[[ 0.54295774]],[[-0.00461963]],[[ 0.06882139]],[[ 0.32893353]],[[ 0.]],[[ 0.]],[[ 1.32212288]],[[ 2.69311033]],[[-0.]],60,[[ 0.12759266]],[[-0.20048965]],[[-0.14295774]]
-0.1266,0.1987,0.5243,-0.00366519142919,[[-0.12735493]],[[ 0.20050064]],[[ 0.54275673]],[[-0.00449793]],[[ 0.0685311]],[[ 0.30880715]],[[ 0.]],[[ 0.]],[[ 1.31852852]],[[ 2.69031739]],[[-0.]],60,[[ 0.12735493]],[[-0.20050064]],[[-0.14275673]]
-0.1266,0.1987,0.5243,-0.00366519142919,[[-0.12718129]],[[ 0.20050653]],[[ 0.54241842]],[[-0.00440441]],[[ 0.06824046]],[[ 0.28904968]],[[ 0.]],[[ 0.]],[[ 1.31585695]],[[ 2.68746993]],[[-0.]],60,[[ 0.12718129]],[[-0.20050653]],[[-0.14241842]]
-0.1266,0.1987,0.5243,-0.00366519142919,[[-0.12705443]],[[ 0.20050872]],[[ 0.54196777]],[[-0.00433145]],[[ 0.06795006]],[[ 0.26978363]],[[ 0.]],[[ 0.]],[[ 1.31385876]],[[ 2.68458778]],[[-0.]],60,[[ 0.12705443]],[[-0.20050872]],[[-0.14196777]]
-0.1025,0.2102,0.5081,0.0158824961931,[[-0.12037541]],[[ 0.20365105]],[[ 0.5388504]],[[-0.00146721]],[[ 0.06899942]],[[ 0.23625144]],[[ 0.]],[[ 0.]],[[ 1.21842618]],[[ 2.72650475]],[[-0.]],60,[[ 0.12037541]],[[-0.20365105]],[[-0.1388504]]
-0.1025,0.2102,0.5081,0.0158824961931,[[-0.115501]],[[ 0.20594221]],[[ 0.53594681]],[[ 0.00061182]],[[ 0.0696803]],[[ 0.20588552]],[[ 0.]],[[ 0.]],[[ 1.14889181]],[[ 2.75622505]],[[-0.]],60,[[ 0.115501]],[[-0.20594221]],[[-0.13594681]]
-0.1025,0.2102,0.5081,0.0158824961931,[[-0.11194366]],[[ 0.20761215]],[[ 0.53324963]],[[ 0.00211898]],[[ 0.0700933]],[[ 0.17846078]],[[ 0.]],[[ 0.]],[[ 1.09824683]],[[ 2.77705457]],[[-0.]],60,[[ 0.11194366]],[[-0.20761215]],[[-0.13324963]]
-0.1025,0.2102,0.5081,0.0158824961931,[[-0.10934757]],[[ 0.20882873]],[[ 0.53075075]],[[ 0.00320966]],[[ 0.07031172]],[[ 0.15376097]],[[ 0.]],[[ 0.]],[[ 1.06137912]],[[ 2.79140448]],[[-0.]],60,[[ 0.10934757]],[[-0.20882873]],[[-0.13075075]]
-0.1025,0.2102,0.5081,0.0158824961931,[[-0.10745304]],[[ 0.20971443]],[[ 0.52844157]],[[ 0.00399703]],[[ 0.07038891]],[[ 0.13157924]],[[ 0.]],[[ 0.]],[[ 1.03456004]],[[ 2.80103339]],[[-0.]],60,[[ 0.10745304]],[[-0.20971443]],[[-0.12844157]]
-0.0975,0.2115,0.5077,0.0312413936107,[[-0.10470422]],[[ 0.2107139]],[[ 0.52624948]],[[ 0.00514004]],[[ 0.07051363]],[[ 0.11135172]],[[ 0.]],[[ 0.]],[[ 0.99564181]],[[ 2.8122753]],[[-0.]],60,[[ 0.10470422]],[[-0.2107139]],[[-0.12624948]]
-0.0975,0.2115,0.5077,0.0312413936107,[[-0.10269829]],[[ 0.21144116]],[[ 0.52423589]],[[ 0.0059632]],[[ 0.07052295]],[[ 0.09331994]],[[ 0.]],[[ 0.]],[[ 0.96735089]],[[ 2.81964109]],[[-0.]],60,[[ 0.10269829]],[[-0.21144116]],[[-0.12423589]]
-0.0975,0.2115,0.5077,0.0312413936107,[[-0.10123453]],[[ 0.21196976]],[[ 0.5223909]],[[ 0.00655343]],[[ 0.07044871]],[[ 0.07730006]],[[ 0.]],[[ 0.]],[[ 0.94681101]],[[ 2.82418469]],[[-0.]],60,[[ 0.10123453]],[[-0.21196976]],[[-0.1223909]]
-0.0975,0.2115,0.5077,0.0312413936107,[[-0.10016647]],[[ 0.2123534]],[[ 0.5207046]],[[ 0.00697405]],[[ 0.07031409]],[[ 0.06311902]],[[ 0.]],[[ 0.]],[[ 0.93192421]],[[ 2.82667483]],[[-0.]],60,[[ 0.10016647]],[[-0.2123534]],[[-0.1207046]]
-0.0975,0.2115,0.5077,0.0312413936107,[[-0.09938721]],[[ 0.21263123]],[[ 0.51916723]],[[ 0.00727118]],[[ 0.07013598]],[[ 0.05061443]],[[ 0.]],[[ 0.]],[[ 0.92116028]],[[ 2.82767213]],[[-0.]],60,[[ 0.09938721]],[[-0.21263123]],[[-0.11916723]]
-0.0975,0.2115,0.5077,0.0312413936107,[[-0.09881872]],[[ 0.21283187]],[[ 0.51776919]],[[ 0.00747842]],[[ 0.06992668]],[[ 0.03963435]],[[ 0.]],[[ 0.]],[[ 0.91340305]],[[ 2.8275855]],[[-0.]],60,[[ 0.09881872]],[[-0.21283187]],[[-0.11776919]]
-0.0975,0.2115,0.5077,0.0312413936107,[[-0.09840406]],[[ 0.21297618]],[[ 0.51650115]],[[ 0.00762022]],[[ 0.06969513]],[[ 0.03003703]],[[ 0.]],[[ 0.]],[[ 0.9078384]],[[ 2.82671313]],[[-0.]],60,[[ 0.09840406]],[[-0.21297618]],[[-0.11650115]]
-0.0815,0.2161,0.4656,0.0202458193231,[[-0.09373017]],[[ 0.2143362]],[[ 0.50865869]],[[ 0.00953501]],[[ 0.06997128]],[[-0.01691689]],[[ 0.]],[[ 0.]],[[ 0.84195156]],[[ 2.84307476]],[[-0.]],60,[[ 0.09373017]],[[-0.2143362]],[[-0.10865869]]
-0.0815,0.2161,0.4656,0.0202458193231,[[-0.09031942]],[[ 0.21532664]],[[ 0.5016686]],[[ 0.01091326]],[[ 0.07009213]],[[-0.05624837]],[[ 0.]],[[ 0.]],[[ 0.79406168]],[[ 2.85418768]],[[-0.]],[[ 60.19781192]],[[ 0.09031942]],[[-0.21532664]],[[-0.1016686]]
-0.0815,0.2161,0.4656,0.0202458193231,[[-0.08783057]],[[ 0.21604735]],[[ 0.49545941]],[[ 0.01190074]],[[ 0.07010035]],[[-0.08880895]],[[ 0.]],[[ 0.]],[[ 0.7592983]],[[ 2.86147694]],[[-0.]],[[ 60.67107441]],[[ 0.08783057]],[[-0.21604735]],[[-0.09545941]]
-0.0815,0.2161,0.4656,0.0202458193231,[[-0.08601455]],[[ 0.21657122]],[[ 0.48996387]],[[ 0.01260367]],[[ 0.07002697]],[[-0.11537685]],[[ 0.]],[[ 0.]],[[ 0.73410883]],[[ 2.86598196]],[[-0.]],[[ 61.07869078]],[[ 0.08601455]],[[-0.21657122]],[[-0.08996387]]
-0.0815,0.2161,0.4656,0.0202458193231,[[-0.08468959]],[[ 0.21695144]],[[ 0.48511889]],[[ 0.01309939]],[[ 0.06989464]],[[-0.13666148]],[[ 0.]],[[ 0.]],[[ 0.71590192]],[[ 2.86846087]],[[-0.]],[[ 61.42736303]],[[ 0.08468959]],[[-0.21695144]],[[-0.08511889]]
-0.0815,0.2161,0.4656,0.0202458193231,[[-0.08372301]],[[ 0.21722684]],[[ 0.48086543]],[[ 0.01344427]],[[ 0.06971983]],[[-0.15330787]],[[ 0.]],[[ 0.]],[[ 0.70278738]],[[ 2.86946662]],[[-0.]],[[ 61.72326786]],[[ 0.08372301]],[[-0.21722684]],[[-0.08086543]]
-0.0696,0.2172,0.4295,0.0364773813667,[[-0.07976709]],[[ 0.21772624]],[[ 0.47140727]],[[ 0.01501878]],[[ 0.06963833]],[[-0.1990062]],[[ 0.]],[[ 0.]],[[ 0.64748309]],[[ 2.87364569]],[[-0.]],[[ 62.42466737]],[[ 0.07976709]],[[-0.21772624]],[[-0.07140727]]
-0.0696,0.2172,0.4295,0.0364773813667,[[-0.07688048]],[[ 0.21808863]],[[ 0.46306899]],[[ 0.01614426]],[[ 0.06950096]],[[-0.23561194]],[[ 0.]],[[ 0.]],[[ 0.60736224]],[[ 2.87589585]],[[-0.]],[[ 63.02461046]],[[ 0.07688048]],[[-0.21808863]],[[-0.06306899]]
-0.0696,0.2172,0.4295,0.0364773813667,[[-0.0747743]],[[ 0.21835103]],[[ 0.45574893]],[[ 0.01694273]],[[ 0.06932334]],[[-0.26423544]],[[ 0.]],[[ 0.]],[[ 0.57831564]],[[ 2.87674364]],[[-0.]],[[ 63.5337305]],[[ 0.0747743]],[[-0.21835103]],[[-0.05574893]]
-0.0696,0.2172,0.4295,0.0364773813667,[[-0.07323769]],[[ 0.21854046]],[[ 0.44935231]],[[ 0.0175031]],[[ 0.06911685]],[[-0.28588365]],[[ 0.]],[[ 0.]],[[ 0.55734591]],[[ 2.8765731]],[[-0.]],[[ 63.96180268]],[[ 0.07323769]],[[-0.21854046]],[[-0.04935231]]
-0.0696,0.2172,0.4295,0.0364773813667,[[-0.07211678]],[[ 0.21867666]],[[ 0.44379092]],[[ 0.01789012]],[[ 0.06888977]],[[-0.30146738]],[[ 0.]],[[ 0.]],[[ 0.54226662]],[[ 2.87566433]],[[-0.]],[[ 64.31779081]],[[ 0.07211678]],[[-0.21867666]],[[-0.04379092]]
-0.0644,0.2082,0.4296,0.0254818070791,[[-0.06987884]],[[ 0.21631558]],[[ 0.43899884]],[[ 0.01873118]],[[ 0.06764394]],[[-0.31171646]],[[ 0.]],[[ 0.]],[[ 0.51147659]],[[ 2.83959527]],[[-0.]],[[ 64.60864053]],[[ 0.06987884]],[[-0.21631558]],[[-0.03899884]]
-0.0644,0.2082,0.4296,0.0254818070791,[[-0.06824612]],[[ 0.21459044]],[[ 0.43488267]],[[ 0.01932059]],[[ 0.06666463]],[[-0.31747701]],[[ 0.]],[[ 0.]],[[ 0.48925539]],[[ 2.81255075]],[[-0.]],[[ 64.84325174]],[[ 0.06824612]],[[-0.21459044]],[[-0.03488267]]
-0.0644,0.2082,0.4296,0.0254818070791,[[-0.06705513]],[[ 0.21332945]],[[ 0.43137267]],[[ 0.01972678]],[[ 0.0658799]],[[-0.31941004]],[[ 0.]],[[ 0.]],[[ 0.47328348]],[[ 2.79209355]],[[-0.]],[[ 65.02841683]],[[ 0.06705513]],[[-0.21332945]],[[-0.03137267]]
-0.0644,0.2082,0.4296,0.0254818070791,[[-0.06618651]],[[ 0.21240723]],[[ 0.42840462]],[[ 0.01999962]],[[ 0.06523735]],[[-0.31810653]],[[ 0.]],[[ 0.]],[[ 0.46186885]],[[ 2.77644578]],[[-0.]],[[ 65.17030142]],[[ 0.06618651]],[[-0.21240723]],[[-0.02840462]]
-0.0644,0.2082,0.4296,0.0254818070791,[[-0.06555318]],[[ 0.21173225]],[[ 0.42591957]],[[ 0.02017545]],[[ 0.0646988]],[[-0.31409315]],[[ 0.]],[[ 0.]],[[ 0.45377728]],[[ 2.7643105]],[[-0.]],[[ 65.27448747]],[[ 0.06555318]],[[-0.21173225]],[[-0.02591957]]
-0.0644,0.2082,0.4296,0.0254818070791,[[-0.06509156]],[[ 0.21123775]],[[ 0.42386347]],[[ 0.02028071]],[[ 0.06423641]],[[-0.30783767]],[[ 0.]],[[ 0.]],[[ 0.44810845]],[[ 2.75474161]],[[-0.]],[[ 65.34601494]],[[ 0.06509156]],[[-0.21123775]],[[-0.02386347]]
-0.0459,0.2135,0.3418,0.0822050077689,[[-0.05970237]],[[ 0.21232255]],[[ 0.40822371]],[[ 0.02237811]],[[ 0.06441534]],[[-0.38027028]],[[ 0.]],[[ 0.]],[[ 0.3732426]],[[ 2.76737888]],[[-0.]],[[ 66.49016575]],[[ 0.05970237]],[[-0.21232255]],[[-0.00822371]]
-0.0459,0.2135,0.3418,0.0822050077689,[[-0.05576995]],[[ 0.21311236]],[[ 0.39446209]],[[ 0.02387546]],[[ 0.06447414]],[[-0.43769635]],[[ 0.]],[[ 0.]],[[ 0.31894486]],[[ 2.77586505]],[[-0.]],[[ 67.46537723]],[[ 0.05576995]],[[-0.21311236]],[[ 0.00553791]]
-0.0459,0.2135,0.3418,0.0822050077689,[[-0.05290073]],[[ 0.21368688]],[[ 0.38240611]],[[ 0.02493579]],[[ 0.06444584]],[[-0.48197582]],[[ 0.]],[[ 0.]],[[ 0.27964943]],[[ 2.78132722]],[[-0.]],[[ 68.28957352]],[[ 0.05290073]],[[-0.21368688]],[[ 0.01759389]]
-0.0459,0.2135,0.3418,0.0822050077689,[[-0.05080748]],[[ 0.21410429]],[[ 0.37189508]],[[ 0.02567786]],[[ 0.06435446]],[[-0.51479339]],[[ 0.]],[[ 0.]],[[ 0.25129618]],[[ 2.78458754]],[[-0.]],[[ 68.97921308]],[[ 0.05080748]],[[-0.21410429]],[[ 0.02810492]]
-0.0459,0.2135,0.3418,0.0822050077689,[[-0.04928055]],[[ 0.21440704]],[[ 0.36277968]],[[ 0.02618821]],[[ 0.06421753]],[[-0.53767096]],[[ 0.]],[[ 0.]],[[ 0.23092338]],[[ 2.7862457]],[[-0.]],[[ 69.54937081]],[[ 0.04928055]],[[-0.21440704]],[[ 0.03722032]]
-0.0377,0.2232,0.341,0.0616101225954,[[-0.04592748]],[[ 0.21727523]],[[ 0.35479433]],[[ 0.02742829]],[[ 0.06511054]],[[-0.55271317]],[[ 0.]],[[ 0.]],[[ 0.18499196]],[[ 2.82385768]],[[-0.]],[[ 70.02384947]],[[ 0.04592748]],[[-0.21727523]],[[ 0.04520567]]
-0.0377,0.2232,0.341,0.0616101225954,[[-0.04348118]],[[ 0.21936658]],[[ 0.34795242]],[[ 0.02829826]],[[ 0.0656874]],[[-0.56029453]],[[ 0.]],[[ 0.]],[[ 0.15182925]],[[ 2.85053976]],[[-0.]],[[ 70.40385146]],[[ 0.04348118]],[[-0.21936658]],[[ 0.05204758]]
-0.0377,0.2232,0.341,0.0616101225954,[[-0.04169667]],[[ 0.22089095]],[[ 0.34213486]],[[ 0.02889873]],[[ 0.06603432]],[[-0.56153206]],[[ 0.]],[[ 0.]],[[ 0.12797936]],[[ 2.86925271]],[[-0.]],[[ 70.70091706]],[[ 0.04169667]],[[-0.22089095]],[[ 0.05786514]]
-0.0377,0.2232,0.341,0.0616101225954,[[-0.04039515]],[[ 0.22200154]],[[ 0.33723209]],[[ 0.02930302]],[[ 0.0662141]],[[-0.55742329]],[[ 0.]],[[ 0.]],[[ 0.11092127]],[[ 2.88215637]],[[-0.]],[[ 70.92551184]],[[ 0.04039515]],[[-0.22200154]],[[ 0.06276791]]
-0.0377,0.2232,0.341,0.0616101225954,[[-0.03944613]],[[ 0.22281014]],[[ 0.33314358]],[[ 0.02956454]],[[ 0.06627249]],[[-0.54885616]],[[ 0.]],[[ 0.]],[[ 0.09881592]],[[ 2.89082628]],[[-0.]],[[ 71.08710156]],[[ 0.03944613]],[[-0.22281014]],[[ 0.06685642]]
-0.0377,0.2232,0.341,0.0616101225954,[[-0.03875438]],[[ 0.22339835]],[[ 0.32977734]],[[ 0.02972221]],[[ 0.06624282]],[[-0.53661826]],[[ 0.]],[[ 0.]],[[ 0.09032176]],[[ 2.89641177]],[[-0.]],[[ 71.19422436]],[[ 0.03875438]],[[-0.22339835]],[[ 0.07022266]]
-0.0377,0.2232,0.341,0.0253072741539,[[-0.03875438]],[[ 0.22339835]],[[ 0.32977734]],[[ 0.02972221]],[[ 0.06624282]],[[-0.53661826]],[[ 0.]],[[ 0.]],[[ 0.09032176]],[[ 2.89641177]],[[-0.]],[[ 71.19422436]],[[ 0.03875438]],[[-0.22339835]],[[ 0.07022266]]
-0.0377,0.2232,0.341,0.0253072741539,[[-0.03875438]],[[ 0.22339835]],[[ 0.32977734]],[[ 0.02972221]],[[ 0.06624282]],[[-0.53661826]],[[ 0.]],[[ 0.]],[[ 0.09032176]],[[ 2.89641177]],[[-0.]],[[ 71.19422436]],[[ 0.03875438]],[[-0.22339835]],[[ 0.07022266]]
-0.0377,0.2232,0.341,0.0253072741539,[[-0.03875438]],[[ 0.22339835]],[[ 0.32977734]],[[ 0.02972221]],[[ 0.06624282]],[[-0.53661826]],[[ 0.]],[[ 0.]],[[ 0.09032176]],[[ 2.89641177]],[[-0.]],[[ 71.19422436]],[[ 0.03875438]],[[-0.22339835]],[[ 0.07022266]]